ecg_id,variante,es_iam,probabilidad_digitalizada,probabilidad_original
7684,pdf_equipo,0,0.2504114,0.19001085
2317,pdf_equipo,0,0.038761996,0.027599175
17193,pdf_equipo,0,0.3570413,0.46383384
19526,pdf_equipo,1,0.9887522,0.99559844
2224,pdf_equipo,0,0.016358733,0.009812736
2592,pdf_equipo,0,0.66994494,0.63311666
17536,pdf_equipo,0,0.18684617,0.19481993
16168,pdf_equipo,1,0.99379116,0.9818548
2789,pdf_equipo,0,0.28270376,0.17911814
12649,pdf_equipo,0,0.024490256,0.026902715
5217,pdf_equipo,0,0.008231012,0.0061469446
9994,pdf_equipo,0,0.07501004,0.07128767
15227,pdf_equipo,1,0.94326174,0.9352447
17648,pdf_equipo,0,0.022154748,0.017235206
3755,pdf_equipo,1,0.724445,0.74182063
9740,pdf_equipo,0,0.045430537,0.027404875
4676,pdf_equipo,0,0.16342212,0.16052994
5304,pdf_equipo,0,0.21216506,0.12414634
9943,pdf_equipo,0,0.64808136,0.5224947
7543,pdf_equipo,0,0.35806453,0.145322
10180,pdf_equipo,0,0.02517216,0.019012935
9338,pdf_equipo,0,0.10843912,0.07079032
4820,pdf_equipo,0,0.017210558,0.01234247
4922,pdf_equipo,0,0.02029165,0.022609755
12607,pdf_equipo,0,0.03928902,0.02077399
12156,pdf_equipo,1,0.9768049,0.9738454
20974,pdf_equipo,1,0.87513965,0.7423738
9174,pdf_equipo,0,0.009214753,0.0011130107
20563,pdf_equipo,0,0.027899086,0.022845391
20966,pdf_equipo,0,0.07740282,0.06838201
10240,pdf_equipo,0,0.8166969,0.6111666
7438,pdf_equipo,0,0.41271508,0.26621288
448,pdf_equipo,0,0.07872783,0.08964018
12475,pdf_equipo,0,0.025442379,0.020350218
19959,pdf_equipo,0,0.0010421426,0.0006266345
4220,pdf_equipo,0,0.10808716,0.07259281
9272,pdf_equipo,0,0.058858734,0.0434413
15924,pdf_equipo,1,0.80378574,0.85335636
3699,pdf_equipo,0,0.30719388,0.2777665
4149,pdf_equipo,0,0.48744312,0.51270455
17888,pdf_equipo,0,0.040248107,0.039494928
12241,pdf_equipo,1,0.5494959,0.5407786
10238,pdf_equipo,0,0.7168281,0.69025373
12192,pdf_equipo,0,0.2661772,0.108023115
1307,pdf_equipo,0,0.019404776,0.014430779
17920,pdf_equipo,0,0.9842539,0.9820432
11520,pdf_equipo,0,0.044219546,0.019159459
19703,pdf_equipo,0,0.16281039,0.1287022
12126,pdf_equipo,0,0.20890805,0.24001296
5873,pdf_equipo,0,0.013817627,0.011059595
3384,pdf_equipo,0,0.0124713415,0.0032623177
17511,pdf_equipo,0,0.08075855,0.049308278
1169,pdf_equipo,0,0.10913292,0.07203605
1946,pdf_equipo,0,0.011285393,0.003429117
10640,pdf_equipo,0,0.8326752,0.8356497
4576,pdf_equipo,1,0.99907255,0.99963367
121,pdf_equipo,0,0.12646338,0.102727145
427,pdf_equipo,0,0.047472022,0.029044691
7054,pdf_equipo,0,0.041108806,0.017287163
5743,pdf_equipo,0,0.0650646,0.050227318
3634,pdf_equipo,0,0.013019989,0.01283969
4225,pdf_equipo,1,0.8766519,0.87723356
892,pdf_equipo,0,0.45285156,0.5050379
6683,pdf_equipo,1,0.99817514,0.9964557
14634,pdf_equipo,0,0.011984276,0.009391286
9702,pdf_equipo,0,0.0020614895,0.0007067874
917,pdf_equipo,0,0.0028340588,0.001461025
1405,pdf_equipo,1,0.9998715,0.9998299
13052,pdf_equipo,0,0.025701867,0.014440658
9570,pdf_equipo,1,0.9999689,0.9999231
1993,pdf_equipo,0,0.31053725,0.15778847
4103,pdf_equipo,0,0.005829079,0.0030893334
10824,pdf_equipo,0,0.051169436,0.021948552
13847,pdf_equipo,1,0.79253167,0.8139121
16077,pdf_equipo,1,0.9923171,0.99091935
15857,pdf_equipo,0,0.06690217,0.08939395
440,pdf_equipo,0,0.16997744,0.0958503
208,pdf_equipo,0,0.045579214,0.0130384695
18982,pdf_equipo,0,0.016916104,0.015142252
9869,pdf_equipo,0,0.13855729,0.08555587
15647,pdf_equipo,1,0.9999924,0.999995
10054,pdf_equipo,0,0.08327103,0.059869047
132,pdf_equipo,0,0.33003017,0.2165572
3201,pdf_equipo,0,0.1067546,0.0770733
7967,pdf_equipo,0,0.48151928,0.30536824
20127,pdf_equipo,0,0.47136113,0.2484852
3612,pdf_equipo,0,0.015330221,0.004668184
2492,pdf_equipo,1,0.94088405,0.93676627
21177,pdf_equipo,0,0.528513,0.44206437
2151,pdf_equipo,0,0.036010724,0.016140154
8872,pdf_equipo,0,0.87227595,0.8135141
732,pdf_equipo,0,0.013205797,0.012149578
6562,pdf_equipo,0,0.42265114,0.29155207
6353,pdf_equipo,1,0.75412107,0.8798985
20684,pdf_equipo,0,0.004519157,0.003973932
14004,pdf_equipo,1,0.9819163,0.98205996
11739,pdf_equipo,0,0.002913196,0.0019981768
3350,pdf_equipo,0,0.14419596,0.02279352
10594,pdf_equipo,0,0.18658248,0.13652004
19424,pdf_equipo,0,0.18315232,0.0763952
1268,pdf_equipo,0,0.046727125,0.020174727
5600,pdf_equipo,0,0.16083941,0.06757828
1219,pdf_equipo,0,0.030234477,0.016093139
14194,pdf_equipo,1,0.63637465,0.6107371
564,pdf_equipo,1,0.9534892,0.91501075
8963,pdf_equipo,0,0.0049370877,0.0028081348
8460,pdf_equipo,0,0.6569748,0.3690347
13446,pdf_equipo,0,0.20739013,0.17184044
14146,pdf_equipo,0,0.09320518,0.13865264
696,pdf_equipo,0,0.0072845523,0.006081919
15899,pdf_equipo,0,0.11876425,0.042087104
3522,pdf_equipo,0,0.0016157128,0.000740831
8475,pdf_equipo,0,0.7369844,0.64046496
18708,pdf_equipo,0,0.15749215,0.13771543
10766,pdf_equipo,0,0.112074785,0.02016451
3918,pdf_equipo,0,0.07176641,0.060837552
9196,pdf_equipo,0,0.26719016,0.20344241
1812,pdf_equipo,1,0.91238576,0.91540647
5606,pdf_equipo,0,0.9362995,0.9494
13248,pdf_equipo,0,0.09426931,0.10504623
12919,pdf_equipo,0,0.0048299003,0.0026809499
4079,pdf_equipo,0,0.09958247,0.10363805
6222,pdf_equipo,0,0.0034130043,0.0032934693
7348,pdf_equipo,0,0.9883106,0.9830467
19432,pdf_equipo,0,0.0046755513,0.001997608
15575,pdf_equipo,0,0.18202896,0.15680161
12178,pdf_equipo,0,0.3046258,0.022329232
16149,pdf_equipo,0,0.010963998,0.002162505
5331,pdf_equipo,0,0.08959273,0.06893113
11489,pdf_equipo,0,0.005186472,0.0030588969
5918,pdf_equipo,0,0.16775441,0.0844154
18175,pdf_equipo,0,0.01103382,0.0049065463
20865,pdf_equipo,1,0.97778666,0.97459745
8241,pdf_equipo,1,0.9573004,0.9726819
9823,pdf_equipo,0,0.7657795,0.77977455
8126,pdf_equipo,0,0.34761158,0.45936826
7190,pdf_equipo,0,0.07081779,0.03535606
10743,pdf_equipo,0,0.026604826,0.013855386
18762,pdf_equipo,1,0.86715233,0.8360871
4704,pdf_equipo,0,0.49517944,0.2579223
3060,pdf_equipo,0,0.011307751,0.0104662515
13954,pdf_equipo,0,0.28641978,0.3397487
17358,pdf_equipo,0,0.0032999169,0.0016904812
12552,pdf_equipo,0,0.26897267,0.2479824
7022,pdf_equipo,0,0.8703255,0.63682336
17983,pdf_equipo,0,0.52400196,0.46452886
318,pdf_equipo,0,0.4297531,0.36559534
12028,pdf_equipo,0,0.16746551,0.09433759
16537,pdf_equipo,0,0.007429424,0.002152543
19906,pdf_equipo,1,0.9622905,0.959894
2920,pdf_equipo,0,0.001670662,0.0008162581
17290,pdf_equipo,0,0.00938416,0.005824097
10061,pdf_equipo,0,0.5716685,0.31703246
12841,pdf_equipo,1,0.999979,0.9999782
10342,pdf_equipo,0,0.01812629,0.00755922
9248,pdf_equipo,1,0.9999851,0.99998426
14762,pdf_equipo,1,0.68742937,0.5538699
2146,pdf_equipo,0,0.14495459,0.07922605
20313,pdf_equipo,1,0.8553262,0.8407586
172,pdf_equipo,0,0.6956455,0.65610653
17404,pdf_equipo,1,0.9933262,0.9944956
3704,pdf_equipo,0,0.02799004,0.025583694
4565,pdf_equipo,0,0.001654387,0.0012334138
405,pdf_equipo,0,0.008833333,0.005778221
1944,pdf_equipo,1,0.9999975,0.99999857
15548,pdf_equipo,0,0.009728471,0.0057958188
5804,pdf_equipo,0,0.361626,0.32785884
3947,pdf_equipo,0,0.64827543,0.46915472
14771,pdf_equipo,0,0.0066200728,0.0048418078
3035,pdf_equipo,0,0.01367179,0.008018499
20240,pdf_equipo,1,0.95420015,0.92554003
6380,pdf_equipo,0,0.067669176,0.020798929
14653,pdf_equipo,0,0.24547927,0.26651993
18882,pdf_equipo,0,0.022581287,0.013263473
7243,pdf_equipo,0,0.01636864,0.008393116
789,pdf_equipo,0,0.052391935,0.057858355
2422,pdf_equipo,1,0.9995585,0.99956506
16357,pdf_equipo,1,0.9908959,0.99720204
10401,pdf_equipo,0,0.91877717,0.9288359
5530,pdf_equipo,0,0.10583398,0.05367642
19208,pdf_equipo,0,0.0072827563,0.0052923546
3497,pdf_equipo,0,0.020537255,0.012895583
4335,pdf_equipo,0,0.38524938,0.36145663
14667,pdf_equipo,1,0.99444854,0.9893205
6735,pdf_equipo,0,0.03511078,0.026521426
11550,pdf_equipo,0,0.40050232,0.39235252
8147,pdf_equipo,0,0.048056193,0.017450513
7882,pdf_equipo,0,0.24977799,0.119104385
6903,pdf_equipo,1,0.9152015,0.9153926
3220,pdf_equipo,0,0.14100249,0.15151101
12147,pdf_equipo,0,0.039820284,0.01287041
17951,pdf_equipo,1,0.45819333,0.38004908
9180,pdf_equipo,1,0.90975815,0.88064605
2602,pdf_equipo,0,0.0713321,0.05215389
18332,pdf_equipo,0,0.012529703,0.010638248
17700,pdf_equipo,0,0.11243866,0.08976697
756,pdf_equipo,0,0.948724,0.9196542
119,pdf_equipo,0,0.2756896,0.23758537
11901,pdf_equipo,0,0.86812866,0.9459693
527,pdf_equipo,0,0.7995108,0.5076738
2596,pdf_equipo,0,0.02417734,0.011944756
12758,pdf_equipo,1,0.122008525,0.09505302
11055,pdf_equipo,0,0.02602466,0.024484808
2928,pdf_equipo,0,0.047602907,0.011299212
12220,pdf_equipo,0,0.037404016,0.027317563
12941,pdf_equipo,1,0.9902683,0.9855687
10261,pdf_equipo,0,0.00984403,0.006087323
14026,pdf_equipo,0,0.65561736,0.587568
6207,pdf_equipo,0,0.13166842,0.08830292
20891,pdf_equipo,0,0.03880807,0.023283714
20049,pdf_equipo,0,0.031076565,0.014877711
5835,pdf_equipo,0,0.0033242153,0.0029498695
12301,pdf_equipo,0,0.39378503,0.04164548
3043,pdf_equipo,0,0.03764665,0.026419606
12528,pdf_equipo,0,0.0021786375,0.0017519179
21181,pdf_equipo,0,0.79172784,0.74907166
13923,pdf_equipo,0,0.015210706,0.010407421
14836,pdf_equipo,0,0.009585997,0.008557428
13494,pdf_equipo,0,0.015929323,0.00781961
9115,pdf_equipo,0,0.6314838,0.54337907
1785,pdf_equipo,0,0.001804353,0.001681549
7661,pdf_equipo,1,0.8660544,0.778992
17658,pdf_equipo,1,0.61111134,0.51005274
11916,pdf_equipo,0,0.04708885,0.041850585
1120,pdf_equipo,0,0.13374083,0.101705335
7876,pdf_equipo,1,0.9949486,0.99611413
5428,pdf_equipo,0,0.006000873,0.0037362985
16003,pdf_equipo,0,0.46969312,0.44031414
4893,pdf_equipo,0,0.0031297277,0.0029284619
6284,pdf_equipo,0,0.005493949,0.0087025445
8733,pdf_equipo,1,0.9653334,0.96149945
3855,pdf_equipo,1,0.9969524,0.99725074
5299,pdf_equipo,0,0.13495709,0.027993515
2192,pdf_equipo,0,0.0060312836,0.0027752446
9178,pdf_equipo,0,0.036358174,0.01353209
12124,pdf_equipo,1,0.68578374,0.5733376
16045,pdf_equipo,0,0.021088962,0.014545063
19268,pdf_equipo,0,0.64553404,0.5568796
5465,pdf_equipo,0,0.6089242,0.42146048
449,pdf_equipo,0,0.34774724,0.22351164
2180,pdf_equipo,0,0.48224065,0.37733492
13819,pdf_equipo,1,0.09268396,0.04953449
1351,pdf_equipo,0,0.010909266,0.005064427
20220,pdf_equipo,0,0.25231665,0.18643816
14745,pdf_equipo,0,0.77585703,0.7779666
5067,pdf_equipo,0,0.9805916,0.980411
11645,pdf_equipo,1,0.99663454,0.9952976
19669,pdf_equipo,0,0.0055376505,0.0028244385
5830,pdf_equipo,0,0.07842564,0.08477438
4960,pdf_equipo,0,0.12829822,0.025610631
11139,pdf_equipo,1,0.9722582,0.9724715
18752,pdf_equipo,1,0.93416756,0.9481732
11170,pdf_equipo,1,0.96267086,0.94782966
13139,pdf_equipo,0,0.51696265,0.43460202
19042,pdf_equipo,0,0.00498747,0.005115522
14205,pdf_equipo,0,0.058692254,0.022945523
1632,pdf_equipo,0,0.0348334,0.023161827
10383,pdf_equipo,0,0.40550467,0.4554404
9765,pdf_equipo,1,0.99645835,0.9960179
6924,pdf_equipo,0,0.026865007,0.015177984
16147,pdf_equipo,0,0.0070211506,0.0036504415
4203,pdf_equipo,1,0.83552563,0.6824031
16609,pdf_equipo,1,0.7311604,0.63750315
4560,pdf_equipo,0,0.007319057,0.008226036
18416,pdf_equipo,0,0.97915035,0.96879005
2277,pdf_equipo,0,0.029288417,0.020107873
11108,pdf_equipo,1,0.4747594,0.44138288
10547,pdf_equipo,0,0.10560258,0.004783905
6190,pdf_equipo,0,0.8757171,0.34538636
20602,pdf_equipo,0,0.1336661,0.08595
472,pdf_equipo,0,0.19434606,0.093347
14021,pdf_equipo,0,0.5601363,0.67020255
6189,pdf_equipo,0,0.19310914,0.19738741
7053,pdf_equipo,0,0.903319,0.8233547
4066,pdf_equipo,0,0.48670113,0.4226254
16637,pdf_equipo,0,0.48678875,0.3714947
2170,pdf_equipo,0,0.035594534,0.024612613
18777,pdf_equipo,0,0.06285022,0.099408075
13214,pdf_equipo,0,0.005616547,0.0019214712
9167,pdf_equipo,0,0.323517,0.49509397
16529,pdf_equipo,0,0.420783,0.39552957
16046,pdf_equipo,0,0.9985683,0.9987716
16908,pdf_equipo,0,0.09549582,0.14819476
10210,pdf_equipo,1,0.7630549,0.8042908
16952,pdf_equipo,1,0.9948726,0.9964625
4295,pdf_equipo,0,0.020406395,0.0012661584
13338,pdf_equipo,1,0.95126235,0.94970536
11129,pdf_equipo,0,0.005353019,0.003928846
14201,pdf_equipo,0,0.834204,0.8100177
8041,pdf_equipo,1,0.4072541,0.4083032
19572,pdf_equipo,1,0.99956065,0.999461
8032,pdf_equipo,1,0.64761376,0.7204233
10596,pdf_equipo,0,0.6585752,0.6805952
12137,pdf_equipo,1,0.40499896,0.39254162
19670,pdf_equipo,0,0.016756523,0.009518353
5278,pdf_equipo,0,0.09110245,0.07267151
10755,pdf_equipo,1,0.79289633,0.7850072
8492,pdf_equipo,0,0.19127592,0.17163073
14145,pdf_equipo,0,0.079385996,0.03572849
3652,pdf_equipo,0,0.6366364,0.40063575
10205,pdf_equipo,0,0.16342871,0.13785823
19427,pdf_equipo,0,0.015829168,0.011083821
11487,pdf_equipo,0,0.02531627,0.017604671
18592,pdf_equipo,1,0.99835217,0.9979572
2734,pdf_equipo,0,0.46054894,0.29703113
3908,pdf_equipo,1,0.9858029,0.98023444
9791,pdf_equipo,0,0.73479307,0.73395884
8795,pdf_equipo,0,0.09800954,0.050639395
13959,pdf_equipo,0,0.007755786,0.0037647558
3632,pdf_equipo,1,0.932144,0.884434
17370,pdf_equipo,0,0.7532084,0.60890716
10887,pdf_equipo,0,0.9945009,0.99438804
12336,pdf_equipo,0,0.011550531,0.012173141
12720,pdf_equipo,0,0.007040089,0.0022822036
5519,pdf_equipo,0,0.0017816757,0.0010231618
16780,pdf_equipo,0,0.010335682,0.0072229705
21673,pdf_equipo,0,0.57010925,0.55626905
6201,pdf_equipo,0,0.39482382,0.35406923
8663,pdf_equipo,0,0.028965048,0.016571544
2368,pdf_equipo,0,0.0018879026,0.0017854414
1950,pdf_equipo,1,0.99965334,0.99959975
20523,pdf_equipo,0,0.00036245736,0.00013271048
16150,pdf_equipo,0,0.13282453,0.12930736
17298,pdf_equipo,0,0.087153375,0.046764754
19324,pdf_equipo,0,0.008767366,0.0057253446
11788,pdf_equipo,0,0.072490536,0.10540844
8808,pdf_equipo,0,0.3675119,0.5262053
5360,pdf_equipo,1,0.6080075,0.65680844
20576,pdf_equipo,0,0.1153627,0.09032699
4458,pdf_equipo,0,0.0119805,0.004421805
8922,pdf_equipo,0,0.00279269,0.0014729629
18132,pdf_equipo,0,0.06489037,0.028827349
17169,pdf_equipo,0,0.092128016,0.09512111
16566,pdf_equipo,1,0.88748354,0.91115296
6208,pdf_equipo,0,0.11416364,0.096140996
3948,pdf_equipo,0,0.07729737,0.080063395
8139,pdf_equipo,0,0.81725967,0.8072589
18671,pdf_equipo,0,0.71716386,0.62014693
8185,pdf_equipo,0,0.016201047,0.0061515607
4805,pdf_equipo,0,0.09163054,0.117292866
13405,pdf_equipo,1,0.85375905,0.83040816
619,pdf_equipo,0,0.19655155,0.037194118
14217,pdf_equipo,0,0.46621752,0.4939563
14184,pdf_equipo,0,0.37274292,0.34316665
14238,pdf_equipo,0,0.5792006,0.30107832
11010,pdf_equipo,1,0.99842346,0.9993436
19396,pdf_equipo,1,0.9999515,0.9999534
12338,pdf_equipo,0,0.1846412,0.11818975
723,pdf_equipo,1,0.9899721,0.99099594
1901,pdf_equipo,1,0.38442472,0.37959772
14248,pdf_equipo,0,0.016006975,0.023171926
8344,pdf_equipo,1,0.9991615,0.99972993
1133,pdf_equipo,0,0.037005547,0.028659532
1251,pdf_equipo,0,0.5373066,0.5123742
707,pdf_equipo,0,0.044800315,0.03716366
10519,pdf_equipo,0,0.08299603,0.042133793
11664,pdf_equipo,1,0.96712476,0.9791205
14446,pdf_equipo,1,0.92230415,0.89131564
12223,pdf_equipo,1,0.90742236,0.9540547
15871,pdf_equipo,1,0.9748274,0.98317856
12169,pdf_equipo,1,1.0,1.0
7865,pdf_equipo,0,0.7620312,0.72826993
18140,pdf_equipo,0,0.850023,0.9205239
8509,pdf_equipo,1,0.9982613,0.99740714
19507,pdf_equipo,1,0.9704935,0.9788189
4508,pdf_equipo,0,0.1684312,0.2152856
10388,pdf_equipo,0,0.033806432,0.014243761
19924,pdf_equipo,0,0.08282718,0.06935764
5219,pdf_equipo,1,0.9417449,0.9505021
13913,pdf_equipo,1,0.990194,0.9944859
245,pdf_equipo,0,0.8449616,0.79742986
8203,pdf_equipo,0,0.055615835,0.033163942
2935,pdf_equipo,0,0.1464904,0.12575114
12235,pdf_equipo,1,0.99615186,0.99561983
8632,pdf_equipo,0,0.68406487,0.6195881
16871,pdf_equipo,0,0.0044401786,0.0024617645
8504,pdf_equipo,0,0.04320323,0.023772094
3515,pdf_equipo,0,0.09207202,0.07027339
334,pdf_equipo,0,0.049114004,0.02958187
21325,pdf_equipo,0,0.98731947,0.9654668
19848,pdf_equipo,1,0.9771088,0.97464526
12719,pdf_equipo,1,0.98747605,0.9935088
11113,pdf_equipo,0,0.041488968,0.036303543
10888,pdf_equipo,1,0.9985831,0.9998379
2417,pdf_equipo,0,0.788382,0.7700687
11077,pdf_equipo,0,0.20073666,0.09452773
12451,pdf_equipo,0,0.011904056,0.0052366434
4646,pdf_equipo,1,0.9940479,0.9990011
17419,pdf_equipo,1,0.6737169,0.6086091
10806,pdf_equipo,0,0.7272456,0.7601332
12521,pdf_equipo,1,0.9588736,0.9411508
20024,pdf_equipo,0,0.9383751,0.92594594
167,pdf_equipo,0,0.12792248,0.09649506
17525,pdf_equipo,0,0.099464156,0.053970713
17748,pdf_equipo,0,0.38202348,0.40966123
4254,pdf_equipo,0,0.4161181,0.3854513
19701,pdf_equipo,0,0.06712277,0.019562442
611,pdf_equipo,0,0.005015705,0.0048095677
271,pdf_equipo,1,0.8271447,0.82562315
15297,pdf_equipo,0,0.39537856,0.3065921
11805,pdf_equipo,0,0.0084665045,0.0030809888
2569,pdf_equipo,1,0.6205278,0.5639536
21021,pdf_equipo,0,0.94285876,0.95338815
10589,pdf_equipo,0,0.039065275,0.0127353165
4758,pdf_equipo,0,0.53620154,0.43777633
2802,pdf_equipo,1,0.8707924,0.88604265
11853,pdf_equipo,0,0.7231037,0.39799768
175,pdf_equipo,1,0.9709344,0.9629108
15737,pdf_equipo,0,0.011388478,0.008454916
18548,pdf_equipo,0,0.039228782,0.023178047
16692,pdf_equipo,1,0.8707277,0.8910531
19254,pdf_equipo,0,0.07725701,0.021998705
20100,pdf_equipo,0,0.3969148,0.37960383
9753,pdf_equipo,0,0.15107575,0.09853552
15729,pdf_equipo,0,0.3585053,0.28905615
2369,pdf_equipo,0,0.39315513,0.17777345
452,pdf_equipo,0,0.43775886,0.33259153
12835,pdf_equipo,0,0.08488339,0.04137751
19291,pdf_equipo,0,0.20449325,0.18077582
3275,pdf_equipo,1,0.9317855,0.89676434
18266,pdf_equipo,0,0.7021471,0.6288241
21017,pdf_equipo,0,0.12788934,0.09183339
10970,pdf_equipo,0,0.017254345,0.014034316
8209,pdf_equipo,0,0.092841916,0.11844638
11834,pdf_equipo,0,0.024808833,0.021802692
7080,pdf_equipo,0,0.0031558224,0.00076549256
3215,pdf_equipo,0,0.21163745,0.12371237
1158,pdf_equipo,0,0.7854252,0.81170726
17701,pdf_equipo,0,0.0018835095,0.0010779867
13167,pdf_equipo,0,0.70262283,0.23345913
3913,pdf_equipo,1,0.9844104,0.98508704
10807,pdf_equipo,1,0.99196666,0.99273795
18365,pdf_equipo,0,0.004889796,0.0033305075
19053,pdf_equipo,1,0.24750347,0.23788929
2403,pdf_equipo,0,0.012064141,0.0065574865
11533,pdf_equipo,0,0.018909657,0.010782741
14869,pdf_equipo,0,0.1365842,0.083939396
10268,pdf_equipo,0,0.049253568,0.023828706
10359,pdf_equipo,0,0.70684075,0.5175573
688,pdf_equipo,0,0.9924166,0.9948743
19250,pdf_equipo,0,0.016187396,0.008299896
15507,pdf_equipo,0,0.008879535,0.0043339706
16993,pdf_equipo,0,0.70633554,0.73401165
16035,pdf_equipo,0,0.0770402,0.10172904
16144,pdf_equipo,0,0.14616337,0.09605049
5122,pdf_equipo,0,0.1416279,0.08703903
1853,pdf_equipo,1,0.99976426,0.99963164
11474,pdf_equipo,0,0.5219075,0.78463024
4926,pdf_equipo,0,0.4827838,0.23461252
9892,pdf_equipo,0,0.18999279,0.21189308
10537,pdf_equipo,0,0.15746045,0.10078761
3688,pdf_equipo,0,0.11049467,0.085707895
14166,pdf_equipo,0,0.18257104,0.22248305
13642,pdf_equipo,0,0.15062861,0.05218362
1094,pdf_equipo,0,0.0017488119,0.0015652732
3078,pdf_equipo,0,0.108015805,0.06371958
13860,pdf_equipo,0,0.33982876,0.4526853
7950,pdf_equipo,0,0.04836764,0.07658089
1933,pdf_equipo,0,0.009121904,0.0016675021
9891,pdf_equipo,1,0.95407814,0.9835444
8114,pdf_equipo,0,0.056614082,0.03950681
2045,pdf_equipo,0,0.00022083215,0.00013399169
20406,pdf_equipo,0,0.14756383,0.10721157
20242,pdf_equipo,0,0.04283552,0.023061682
21104,pdf_equipo,1,0.9999802,0.9999894
7491,pdf_equipo,0,0.013377384,0.014738721
3696,pdf_equipo,1,0.7344597,0.80405146
6314,pdf_equipo,0,0.22481179,0.06448981
10196,pdf_equipo,0,0.89861876,0.87108094
19867,pdf_equipo,0,0.07775101,0.022361161
6556,pdf_equipo,1,0.9902653,0.98821926
15438,pdf_equipo,0,0.0008824529,0.0010951572
9773,pdf_equipo,0,0.0074627693,0.004133296
1054,pdf_equipo,0,0.022153033,0.017275015
377,pdf_equipo,0,0.044375286,0.03481952
8844,pdf_equipo,0,0.003187796,0.001051687
10660,pdf_equipo,1,0.997834,0.99657553
8224,pdf_equipo,0,0.001525665,0.0006877293
3949,pdf_equipo,1,0.99988997,0.9999094
4866,pdf_equipo,1,0.5591236,0.411743
3208,pdf_equipo,1,0.90135884,0.852875
1994,pdf_equipo,0,0.036385115,0.043702997
15421,pdf_equipo,1,0.97258544,0.9829943
14244,pdf_equipo,0,0.8929602,0.8105383
12197,pdf_equipo,1,0.9999639,0.9999958
21809,pdf_equipo,0,0.7565004,0.6828381
18758,pdf_equipo,1,0.0503094,0.025199052
15988,pdf_equipo,0,0.0060072048,0.002873655
3669,pdf_equipo,0,0.07024178,0.037329428
13595,pdf_equipo,0,0.004356833,0.0037279779
15898,pdf_equipo,0,0.24001628,0.22588083
18737,pdf_equipo,1,0.99544597,0.996298
4336,pdf_equipo,0,0.8289722,0.59443116
19695,pdf_equipo,0,0.2262834,0.15269603
9010,pdf_equipo,0,0.054272644,0.009377912
19226,pdf_equipo,0,0.07229277,0.019384006
21675,pdf_equipo,0,0.44397578,0.4880833
19882,pdf_equipo,0,0.022122685,0.015703635
203,pdf_equipo,0,0.01304861,0.008120445
7684,imagen_limpia,0,0.24274859,0.19001085
2317,imagen_limpia,0,0.032359008,0.027599175
17193,imagen_limpia,0,0.37049595,0.46383384
19526,imagen_limpia,1,0.99174786,0.99559844
2224,imagen_limpia,0,0.017136136,0.008314187
2592,imagen_limpia,0,0.8842057,0.7812297
17536,imagen_limpia,0,0.2166475,0.20821394
16168,imagen_limpia,1,0.9918984,0.9818548
2789,imagen_limpia,0,0.32912508,0.20442194
12649,imagen_limpia,0,0.14616707,0.04952829
5217,imagen_limpia,0,0.0065397755,0.0061469446
9994,imagen_limpia,0,0.03877827,0.04653879
15227,imagen_limpia,1,0.961217,0.93612313
17648,imagen_limpia,0,0.019115256,0.017235206
3755,imagen_limpia,1,0.8206423,0.74182063
9740,imagen_limpia,0,0.037491355,0.014726733
4676,imagen_limpia,0,0.14659294,0.16199435
5304,imagen_limpia,0,0.18869728,0.12414634
9943,imagen_limpia,0,0.57012004,0.3869217
7543,imagen_limpia,0,0.06900996,0.013279872
10180,imagen_limpia,0,0.027974777,0.019012935
9338,imagen_limpia,0,0.08722146,0.07079032
4820,imagen_limpia,0,0.02098064,0.008913726
4922,imagen_limpia,0,0.018299855,0.026485292
12607,imagen_limpia,0,0.028084707,0.016256899
12156,imagen_limpia,1,0.97012985,0.9738454
20974,imagen_limpia,1,0.88844,0.7423738
9174,imagen_limpia,0,0.011600282,0.0015375981
20563,imagen_limpia,0,0.041828386,0.027644118
20966,imagen_limpia,0,0.07540239,0.06838201
10240,imagen_limpia,0,0.7397177,0.6111666
7438,imagen_limpia,0,0.34592357,0.26621288
448,imagen_limpia,0,0.11658695,0.08964018
12475,imagen_limpia,0,0.06089013,0.032743696
19959,imagen_limpia,0,0.0020641917,0.0006266345
4220,imagen_limpia,0,0.067409895,0.07259281
9272,imagen_limpia,0,0.05962142,0.019351577
15924,imagen_limpia,1,0.88121426,0.85335636
3699,imagen_limpia,0,0.2713105,0.2777665
4149,imagen_limpia,0,0.46908933,0.43516353
17888,imagen_limpia,0,0.05661286,0.039494928
12241,imagen_limpia,1,0.46214864,0.4966132
10238,imagen_limpia,0,0.7494439,0.7102109
12192,imagen_limpia,0,0.24213195,0.13329779
1307,imagen_limpia,0,0.003770879,0.0090147145
17920,imagen_limpia,0,0.98565334,0.9820432
11520,imagen_limpia,0,0.040986322,0.011553873
19703,imagen_limpia,0,0.117236495,0.1287022
12126,imagen_limpia,0,0.29793835,0.3448885
5873,imagen_limpia,0,0.013664725,0.011059595
3384,imagen_limpia,0,0.015169297,0.005148457
17511,imagen_limpia,0,0.05237267,0.043754224
1169,imagen_limpia,0,0.18436302,0.15794587
1946,imagen_limpia,0,0.01178204,0.007893702
10640,imagen_limpia,0,0.7889247,0.8356497
4576,imagen_limpia,1,0.9169531,0.9475287
121,imagen_limpia,0,0.10730795,0.102727145
427,imagen_limpia,0,0.052691616,0.029044691
7054,imagen_limpia,0,0.074558884,0.030023402
5743,imagen_limpia,0,0.052204758,0.050227318
3634,imagen_limpia,0,0.012161536,0.01283969
4225,imagen_limpia,1,0.8756486,0.90665686
892,imagen_limpia,0,0.337265,0.5050379
6683,imagen_limpia,1,0.99554366,0.9964557
14634,imagen_limpia,0,0.010681586,0.009391286
9702,imagen_limpia,0,0.0023904752,0.001382833
917,imagen_limpia,0,0.003106097,0.001461025
1405,imagen_limpia,1,0.99987495,0.9998299
13052,imagen_limpia,0,0.027846443,0.014440658
9570,imagen_limpia,1,0.9999566,0.9998783
1993,imagen_limpia,0,0.32690838,0.15778847
4103,imagen_limpia,0,0.031804416,0.010505024
10824,imagen_limpia,0,0.050315477,0.045848105
13847,imagen_limpia,1,0.7818172,0.8053978
16077,imagen_limpia,1,0.9892084,0.99091935
15857,imagen_limpia,0,0.22770464,0.09188955
440,imagen_limpia,0,0.17961729,0.04262261
208,imagen_limpia,0,0.05027667,0.0130384695
18982,imagen_limpia,0,0.031022266,0.020417336
9869,imagen_limpia,0,0.025489647,0.014826461
15647,imagen_limpia,1,0.9999956,0.999995
10054,imagen_limpia,0,0.08071558,0.059869047
132,imagen_limpia,0,0.28837505,0.2165572
3201,imagen_limpia,0,0.10509864,0.052490935
7967,imagen_limpia,0,0.79659975,0.23579203
20127,imagen_limpia,0,0.5179328,0.2484852
3612,imagen_limpia,0,0.019340374,0.0049882494
2492,imagen_limpia,1,0.9495281,0.93676627
21177,imagen_limpia,0,0.5070627,0.44206437
2151,imagen_limpia,0,0.012362867,0.006805755
8872,imagen_limpia,0,0.67558587,0.63988113
732,imagen_limpia,0,0.015356097,0.012149578
6562,imagen_limpia,0,0.33840534,0.29155207
6353,imagen_limpia,1,0.91162986,0.82425886
20684,imagen_limpia,0,0.005606693,0.003973932
14004,imagen_limpia,1,0.95212793,0.952588
11739,imagen_limpia,0,0.0035320087,0.0025269182
3350,imagen_limpia,0,0.12860104,0.02279352
10594,imagen_limpia,0,0.17617674,0.13652004
19424,imagen_limpia,0,0.044385217,0.031802222
1268,imagen_limpia,0,0.040384963,0.021110645
5600,imagen_limpia,0,0.19015351,0.06757828
1219,imagen_limpia,0,0.021444423,0.013269641
14194,imagen_limpia,1,0.58534193,0.529802
564,imagen_limpia,1,0.9965217,0.95650977
8963,imagen_limpia,0,0.02863415,0.01172813
8460,imagen_limpia,0,0.5353194,0.42111287
13446,imagen_limpia,0,0.20127782,0.17184044
14146,imagen_limpia,0,0.0971104,0.11390395
696,imagen_limpia,0,0.0077828965,0.006081919
15899,imagen_limpia,0,0.11333675,0.042087104
3522,imagen_limpia,0,0.0012802101,0.000740831
8475,imagen_limpia,0,0.60198873,0.5685665
18708,imagen_limpia,0,0.17075217,0.13771543
10766,imagen_limpia,0,0.06455545,0.02016451
3918,imagen_limpia,0,0.124387726,0.029807908
9196,imagen_limpia,0,0.1322873,0.08610724
1812,imagen_limpia,1,0.897763,0.91540647
5606,imagen_limpia,0,0.9363461,0.9494
13248,imagen_limpia,0,0.26128215,0.1477548
12919,imagen_limpia,0,0.003247516,0.0026809499
4079,imagen_limpia,0,0.100767694,0.10363805
6222,imagen_limpia,0,0.004431503,0.0032934693
7348,imagen_limpia,0,0.95795476,0.954974
19432,imagen_limpia,0,0.0093421955,0.0061641694
15575,imagen_limpia,0,0.14074966,0.15680161
12178,imagen_limpia,0,0.29958546,0.022329232
16149,imagen_limpia,0,0.0027629146,0.0023817918
5331,imagen_limpia,0,0.16248982,0.17496423
11489,imagen_limpia,0,0.006934749,0.0020016255
5918,imagen_limpia,0,0.19972366,0.0844154
18175,imagen_limpia,0,0.010001024,0.0049065463
20865,imagen_limpia,1,0.9754149,0.97459745
8241,imagen_limpia,1,0.98383015,0.9785302
9823,imagen_limpia,0,0.94090295,0.93473923
8126,imagen_limpia,0,0.46381852,0.45936826
7190,imagen_limpia,0,0.028345553,0.018825457
10743,imagen_limpia,0,0.027744036,0.013855386
18762,imagen_limpia,1,0.8655547,0.8360871
4704,imagen_limpia,0,0.60129166,0.2579223
3060,imagen_limpia,0,0.002943946,0.0027147168
13954,imagen_limpia,0,0.43175247,0.44690612
17358,imagen_limpia,0,0.00326653,0.0022264672
12552,imagen_limpia,0,0.22659601,0.2479824
7022,imagen_limpia,0,0.7797402,0.6014679
17983,imagen_limpia,0,0.505107,0.5573487
318,imagen_limpia,0,0.51135314,0.47414124
12028,imagen_limpia,0,0.17304564,0.081263274
16537,imagen_limpia,0,0.025820464,0.0054216078
19906,imagen_limpia,1,0.95519745,0.9550329
2920,imagen_limpia,0,0.00044755774,0.00020351193
17290,imagen_limpia,0,0.0068753227,0.005824097
10061,imagen_limpia,0,0.35607165,0.24055578
12841,imagen_limpia,1,0.9999851,0.9999782
10342,imagen_limpia,0,0.017238043,0.00755922
9248,imagen_limpia,1,0.99996233,0.99998426
14762,imagen_limpia,1,0.9337055,0.91932905
2146,imagen_limpia,0,0.21647567,0.07922605
20313,imagen_limpia,1,0.83262014,0.8407586
172,imagen_limpia,0,0.6577346,0.65610653
17404,imagen_limpia,1,0.99394184,0.9944956
3704,imagen_limpia,0,0.0345336,0.029047817
4565,imagen_limpia,0,0.0033145405,0.0021384207
405,imagen_limpia,0,0.0075536366,0.005778221
1944,imagen_limpia,1,0.9999287,0.9999026
15548,imagen_limpia,0,0.016441805,0.0057958188
5804,imagen_limpia,0,0.34584492,0.32785884
3947,imagen_limpia,0,0.6681784,0.46915472
14771,imagen_limpia,0,0.0108282715,0.0048418078
3035,imagen_limpia,0,0.021650484,0.011104699
20240,imagen_limpia,1,0.92338526,0.94004047
6380,imagen_limpia,0,0.09888517,0.014887108
14653,imagen_limpia,0,0.25754225,0.26651993
18882,imagen_limpia,0,0.040927347,0.013263473
7243,imagen_limpia,0,0.0038071119,0.0019971044
789,imagen_limpia,0,0.069367744,0.057858355
2422,imagen_limpia,1,0.9995478,0.99956506
16357,imagen_limpia,1,0.9659553,0.99068695
10401,imagen_limpia,0,0.9363704,0.9288359
5530,imagen_limpia,0,0.20893468,0.1309877
19208,imagen_limpia,0,0.015631024,0.031540062
3497,imagen_limpia,0,0.022247676,0.02006505
4335,imagen_limpia,0,0.31601807,0.36145663
14667,imagen_limpia,1,0.9910624,0.9790431
6735,imagen_limpia,0,0.029489024,0.026521426
11550,imagen_limpia,0,0.41213092,0.39235252
8147,imagen_limpia,0,0.0538599,0.017450513
7882,imagen_limpia,0,0.1511009,0.048778
6903,imagen_limpia,1,0.95771146,0.93119574
3220,imagen_limpia,0,0.17317982,0.15151101
12147,imagen_limpia,0,0.1383144,0.06702047
17951,imagen_limpia,1,0.72940785,0.5772176
9180,imagen_limpia,1,0.968967,0.88064605
2602,imagen_limpia,0,0.1111929,0.05215389
18332,imagen_limpia,0,0.014087371,0.010638248
17700,imagen_limpia,0,0.17949764,0.12070689
756,imagen_limpia,0,0.9555107,0.9196542
119,imagen_limpia,0,0.15569423,0.13130867
11901,imagen_limpia,0,0.8154037,0.9459693
527,imagen_limpia,0,0.73928374,0.5076738
2596,imagen_limpia,0,0.0043217083,0.0012643076
12758,imagen_limpia,1,0.101957396,0.09505302
11055,imagen_limpia,0,0.020585816,0.015880065
2928,imagen_limpia,0,0.041141238,0.011299212
12220,imagen_limpia,0,0.028373882,0.027317563
12941,imagen_limpia,1,0.9936714,0.9855687
10261,imagen_limpia,0,0.009967888,0.006087323
14026,imagen_limpia,0,0.6985328,0.77084935
6207,imagen_limpia,0,0.27082258,0.2819986
20891,imagen_limpia,0,0.040689472,0.03434586
20049,imagen_limpia,0,0.034255326,0.032370593
5835,imagen_limpia,0,0.0034209576,0.0029498695
12301,imagen_limpia,0,0.13417771,0.04164548
3043,imagen_limpia,0,0.027283298,0.027873417
12528,imagen_limpia,0,0.0020749064,0.0017519179
21181,imagen_limpia,0,0.7731243,0.74907166
13923,imagen_limpia,0,0.01770291,0.0075026834
14836,imagen_limpia,0,0.008996246,0.008557428
13494,imagen_limpia,0,0.026186995,0.023327433
9115,imagen_limpia,0,0.56556857,0.54337907
1785,imagen_limpia,0,0.0013995504,0.0017140417
7661,imagen_limpia,1,0.87959605,0.778992
17658,imagen_limpia,1,0.6735073,0.5620957
11916,imagen_limpia,0,0.039120626,0.041850585
1120,imagen_limpia,0,0.09284911,0.064550936
7876,imagen_limpia,1,0.99675924,0.9977416
5428,imagen_limpia,0,0.00579918,0.0037362985
16003,imagen_limpia,0,0.28777802,0.260442
4893,imagen_limpia,0,0.011430332,0.007106976
6284,imagen_limpia,0,0.012620171,0.008613846
8733,imagen_limpia,1,0.96412224,0.96149945
3855,imagen_limpia,1,0.9996904,0.99983084
5299,imagen_limpia,0,0.095793575,0.027993515
2192,imagen_limpia,0,0.007929745,0.0027752446
9178,imagen_limpia,0,0.013574473,0.0060860836
12124,imagen_limpia,1,0.6643917,0.5733376
16045,imagen_limpia,0,0.02521345,0.014545063
19268,imagen_limpia,0,0.5696712,0.5568796
5465,imagen_limpia,0,0.68358624,0.59687316
449,imagen_limpia,0,0.68101645,0.509917
2180,imagen_limpia,0,0.49749258,0.37733492
13819,imagen_limpia,1,0.18249674,0.04953449
1351,imagen_limpia,0,0.009847758,0.005064427
20220,imagen_limpia,0,0.2885915,0.2759531
14745,imagen_limpia,0,0.6086922,0.7779666
5067,imagen_limpia,0,0.88377774,0.8952599
11645,imagen_limpia,1,0.99313897,0.9952976
19669,imagen_limpia,0,0.005155924,0.0028244385
5830,imagen_limpia,0,0.041927,0.039085865
4960,imagen_limpia,0,0.09721378,0.025610631
11139,imagen_limpia,1,0.98207897,0.9887688
18752,imagen_limpia,1,0.934823,0.9481732
11170,imagen_limpia,1,0.98306215,0.94782966
13139,imagen_limpia,0,0.51286507,0.43460202
19042,imagen_limpia,0,0.006586136,0.005115522
14205,imagen_limpia,0,0.030728543,0.022945523
1632,imagen_limpia,0,0.08727261,0.023161827
10383,imagen_limpia,0,0.5062214,0.4554404
9765,imagen_limpia,1,0.99875915,0.9960179
6924,imagen_limpia,0,0.20852202,0.12556997
16147,imagen_limpia,0,0.0068052425,0.0036504415
4203,imagen_limpia,1,0.8220301,0.6824031
16609,imagen_limpia,1,0.7572137,0.63750315
4560,imagen_limpia,0,0.0029563704,0.0037897974
18416,imagen_limpia,0,0.95988107,0.9506483
2277,imagen_limpia,0,0.016477337,0.020107873
11108,imagen_limpia,1,0.4548788,0.44138288
10547,imagen_limpia,0,0.010540767,0.004783905
6190,imagen_limpia,0,0.86045104,0.34538636
20602,imagen_limpia,0,0.03559892,0.039301164
472,imagen_limpia,0,0.114291735,0.093347
14021,imagen_limpia,0,0.5683942,0.67020255
6189,imagen_limpia,0,0.07517781,0.054822356
7053,imagen_limpia,0,0.7637067,0.68975645
4066,imagen_limpia,0,0.5895322,0.4226254
16637,imagen_limpia,0,0.44945067,0.3714947
2170,imagen_limpia,0,0.033469968,0.024612613
18777,imagen_limpia,0,0.09003185,0.099408075
13214,imagen_limpia,0,0.017280204,0.009782333
9167,imagen_limpia,0,0.439063,0.49509397
16529,imagen_limpia,0,0.2989491,0.39552957
16046,imagen_limpia,0,0.99824905,0.9987716
16908,imagen_limpia,0,0.100030616,0.21196003
10210,imagen_limpia,1,0.90494454,0.8908632
16952,imagen_limpia,1,0.98021096,0.99442923
4295,imagen_limpia,0,0.060012955,0.0012661584
13338,imagen_limpia,1,0.94883686,0.9679064
11129,imagen_limpia,0,0.010745179,0.009465815
14201,imagen_limpia,0,0.80052465,0.8100177
8041,imagen_limpia,1,0.38716137,0.4083032
19572,imagen_limpia,1,0.9998807,0.99994123
8032,imagen_limpia,1,0.5663576,0.7204233
10596,imagen_limpia,0,0.80447716,0.58932555
12137,imagen_limpia,1,0.40923634,0.39254162
19670,imagen_limpia,0,0.020681933,0.0070078284
5278,imagen_limpia,0,0.09602181,0.07267151
10755,imagen_limpia,1,0.80131626,0.7850072
8492,imagen_limpia,0,0.39347342,0.1714385
14145,imagen_limpia,0,0.08693732,0.03572849
3652,imagen_limpia,0,0.62071556,0.37267125
10205,imagen_limpia,0,0.12699834,0.13785823
19427,imagen_limpia,0,0.013312165,0.010953469
11487,imagen_limpia,0,0.01986621,0.017604671
18592,imagen_limpia,1,0.9983681,0.9979572
2734,imagen_limpia,0,0.591871,0.29703113
3908,imagen_limpia,1,0.9748847,0.98023444
9791,imagen_limpia,0,0.69891393,0.73395884
8795,imagen_limpia,0,0.0741436,0.050639395
13959,imagen_limpia,0,0.006340417,0.0037647558
3632,imagen_limpia,1,0.9292512,0.884434
17370,imagen_limpia,0,0.7093274,0.60890716
10887,imagen_limpia,0,0.9917236,0.99438804
12336,imagen_limpia,0,0.03238428,0.026080843
12720,imagen_limpia,0,0.0059514754,0.0022822036
5519,imagen_limpia,0,0.0050486056,0.004014648
16780,imagen_limpia,0,0.008358261,0.005855354
21673,imagen_limpia,0,0.5665544,0.60519665
6201,imagen_limpia,0,0.45505068,0.35406923
8663,imagen_limpia,0,0.03131117,0.016571544
2368,imagen_limpia,0,0.0012429265,0.0017854414
1950,imagen_limpia,1,0.9993513,0.99626935
20523,imagen_limpia,0,0.0009138101,0.0005854401
16150,imagen_limpia,0,0.14421226,0.12930736
17298,imagen_limpia,0,0.11428963,0.046764754
19324,imagen_limpia,0,0.011695876,0.0057253446
11788,imagen_limpia,0,0.088515356,0.10540844
8808,imagen_limpia,0,0.4567928,0.5262053
5360,imagen_limpia,1,0.60439134,0.65680844
20576,imagen_limpia,0,0.13697796,0.09032699
4458,imagen_limpia,0,0.0012224395,0.00038518684
8922,imagen_limpia,0,0.0022482355,0.0014729629
18132,imagen_limpia,0,0.1960296,0.024888393
17169,imagen_limpia,0,0.072898634,0.094319254
16566,imagen_limpia,1,0.96029973,0.96758145
6208,imagen_limpia,0,0.15369193,0.096140996
3948,imagen_limpia,0,0.08630024,0.080063395
8139,imagen_limpia,0,0.84917194,0.8072589
18671,imagen_limpia,0,0.7459884,0.7299643
8185,imagen_limpia,0,0.02508551,0.0061515607
4805,imagen_limpia,0,0.0936563,0.117292866
13405,imagen_limpia,1,0.81021,0.83040816
619,imagen_limpia,0,0.20385952,0.037194118
14217,imagen_limpia,0,0.39896515,0.44454238
14184,imagen_limpia,0,0.37369594,0.26590887
14238,imagen_limpia,0,0.5435287,0.3587925
11010,imagen_limpia,1,0.99892044,0.9993436
19396,imagen_limpia,1,0.99996555,0.9999534
12338,imagen_limpia,0,0.18122406,0.11818975
723,imagen_limpia,1,0.98949766,0.99099594
1901,imagen_limpia,1,0.36312652,0.28207722
14248,imagen_limpia,0,0.03314531,0.023171926
8344,imagen_limpia,1,0.99911624,0.9994431
1133,imagen_limpia,0,0.035335686,0.028659532
1251,imagen_limpia,0,0.5213469,0.5123742
707,imagen_limpia,0,0.032924235,0.03716366
10519,imagen_limpia,0,0.07774031,0.042133793
11664,imagen_limpia,1,0.9753803,0.9605181
14446,imagen_limpia,1,0.8886287,0.89131564
12223,imagen_limpia,1,0.9014296,0.9540547
15871,imagen_limpia,1,0.97725475,0.98317856
12169,imagen_limpia,1,1.0,1.0
7865,imagen_limpia,0,0.8668233,0.8895063
18140,imagen_limpia,0,0.6516447,0.9205239
8509,imagen_limpia,1,0.996863,0.99740714
19507,imagen_limpia,1,0.97727793,0.9788189
4508,imagen_limpia,0,0.053024277,0.15911204
10388,imagen_limpia,0,0.028661111,0.011670103
19924,imagen_limpia,0,0.08741279,0.06935764
5219,imagen_limpia,1,0.9894103,0.99281245
13913,imagen_limpia,1,0.99381256,0.9944859
245,imagen_limpia,0,0.8242575,0.75829405
8203,imagen_limpia,0,0.055015992,0.033163942
2935,imagen_limpia,0,0.14863938,0.12405426
12235,imagen_limpia,1,0.99099827,0.99050844
8632,imagen_limpia,0,0.30512226,0.38296092
16871,imagen_limpia,0,0.005485728,0.0024617645
8504,imagen_limpia,0,0.05210538,0.018677946
3515,imagen_limpia,0,0.07840165,0.07027339
334,imagen_limpia,0,0.098604456,0.044718437
21325,imagen_limpia,0,0.9820986,0.9654668
19848,imagen_limpia,1,0.97136205,0.97464526
12719,imagen_limpia,1,0.977371,0.9935088
11113,imagen_limpia,0,0.04526164,0.04634203
10888,imagen_limpia,1,0.99935216,0.9994036
2417,imagen_limpia,0,0.8199822,0.7700687
11077,imagen_limpia,0,0.19144057,0.09452773
12451,imagen_limpia,0,0.013291768,0.0057873726
4646,imagen_limpia,1,0.9972197,0.9998896
17419,imagen_limpia,1,0.7545702,0.6086091
10806,imagen_limpia,0,0.69832575,0.7601332
12521,imagen_limpia,1,0.93142354,0.945756
20024,imagen_limpia,0,0.97052515,0.9729066
167,imagen_limpia,0,0.18645671,0.20154628
17525,imagen_limpia,0,0.10247686,0.07993959
17748,imagen_limpia,0,0.12394285,0.16970284
4254,imagen_limpia,0,0.36148867,0.3854513
19701,imagen_limpia,0,0.043139827,0.019562442
611,imagen_limpia,0,0.004278257,0.0048095677
271,imagen_limpia,1,0.84763837,0.82562315
15297,imagen_limpia,0,0.37287772,0.3065921
11805,imagen_limpia,0,0.0055625956,0.0030809888
2569,imagen_limpia,1,0.37329623,0.5302035
21021,imagen_limpia,0,0.942667,0.95338815
10589,imagen_limpia,0,0.039666876,0.0051200334
4758,imagen_limpia,0,0.59760666,0.43777633
2802,imagen_limpia,1,0.8457294,0.85494924
11853,imagen_limpia,0,0.8129538,0.557306
175,imagen_limpia,1,0.9819885,0.95887446
15737,imagen_limpia,0,0.007358215,0.008454916
18548,imagen_limpia,0,0.03396181,0.023178047
16692,imagen_limpia,1,0.9004309,0.8910531
19254,imagen_limpia,0,0.08314607,0.021998705
20100,imagen_limpia,0,0.423843,0.37960383
9753,imagen_limpia,0,0.11034414,0.09853552
15729,imagen_limpia,0,0.2994385,0.3351162
2369,imagen_limpia,0,0.5001385,0.26186085
452,imagen_limpia,0,0.23525432,0.33259153
12835,imagen_limpia,0,0.027276475,0.0320803
19291,imagen_limpia,0,0.27449772,0.18077582
3275,imagen_limpia,1,0.8959572,0.89676434
18266,imagen_limpia,0,0.70148164,0.6288241
21017,imagen_limpia,0,0.28545886,0.19451122
10970,imagen_limpia,0,0.01978963,0.013151598
8209,imagen_limpia,0,0.036707822,0.05109503
11834,imagen_limpia,0,0.022610882,0.021802692
7080,imagen_limpia,0,0.016476974,0.0017164194
3215,imagen_limpia,0,0.14180784,0.12371237
1158,imagen_limpia,0,0.8080682,0.81170726
17701,imagen_limpia,0,0.0015664847,0.0010779867
13167,imagen_limpia,0,0.7005927,0.23345913
3913,imagen_limpia,1,0.97116125,0.98508704
10807,imagen_limpia,1,0.99355906,0.99273795
18365,imagen_limpia,0,0.0036929268,0.0033305075
19053,imagen_limpia,1,0.3327401,0.24688798
2403,imagen_limpia,0,0.017768612,0.0065574865
11533,imagen_limpia,0,0.033649646,0.0205369
14869,imagen_limpia,0,0.124557324,0.10604767
10268,imagen_limpia,0,0.066488095,0.023828706
10359,imagen_limpia,0,0.62569606,0.5175573
688,imagen_limpia,0,0.99245995,0.9948743
19250,imagen_limpia,0,0.01942874,0.008299896
15507,imagen_limpia,0,0.004748976,0.0023983242
16993,imagen_limpia,0,0.90024585,0.8865972
16035,imagen_limpia,0,0.04070453,0.029003993
16144,imagen_limpia,0,0.1532811,0.09605049
5122,imagen_limpia,0,0.09776397,0.08980957
1853,imagen_limpia,1,0.9999801,0.99979156
11474,imagen_limpia,0,0.3606638,0.78463024
4926,imagen_limpia,0,0.6273088,0.23461252
9892,imagen_limpia,0,0.15250526,0.21189308
10537,imagen_limpia,0,0.12984778,0.10078761
3688,imagen_limpia,0,0.17953801,0.082438245
14166,imagen_limpia,0,0.35838598,0.22248305
13642,imagen_limpia,0,0.02783228,0.020783955
1094,imagen_limpia,0,0.0014058581,0.0015652732
3078,imagen_limpia,0,0.028230116,0.017414689
13860,imagen_limpia,0,0.20302926,0.19478102
7950,imagen_limpia,0,0.06260276,0.07658089
1933,imagen_limpia,0,0.01249756,0.0016675021
9891,imagen_limpia,1,0.96178293,0.9835444
8114,imagen_limpia,0,0.03447164,0.03950681
2045,imagen_limpia,0,0.0003369846,0.00024466187
20406,imagen_limpia,0,0.15906185,0.10721157
20242,imagen_limpia,0,0.043085355,0.023061682
21104,imagen_limpia,1,0.9999771,0.9999894
7491,imagen_limpia,0,0.007927611,0.00625859
3696,imagen_limpia,1,0.75542086,0.80405146
6314,imagen_limpia,0,0.06853092,0.06448981
10196,imagen_limpia,0,0.92425025,0.87108094
19867,imagen_limpia,0,0.04322042,0.022361161
6556,imagen_limpia,1,0.9891493,0.98821926
15438,imagen_limpia,0,0.00088009087,0.0010951572
9773,imagen_limpia,0,0.013655488,0.004133296
1054,imagen_limpia,0,0.033110388,0.017275015
377,imagen_limpia,0,0.053175323,0.03481952
8844,imagen_limpia,0,0.0027114502,0.001051687
10660,imagen_limpia,1,0.9988186,0.9987657
8224,imagen_limpia,0,0.0010441671,0.0006877293
3949,imagen_limpia,1,0.9999571,0.9999893
4866,imagen_limpia,1,0.6963724,0.31013066
3208,imagen_limpia,1,0.9386249,0.852875
1994,imagen_limpia,0,0.09576958,0.13259211
15421,imagen_limpia,1,0.92838967,0.9416259
14244,imagen_limpia,0,0.89960396,0.8105383
12197,imagen_limpia,1,0.9999521,0.9999958
21809,imagen_limpia,0,0.88068247,0.85907626
18758,imagen_limpia,1,0.068389915,0.025199052
15988,imagen_limpia,0,0.0056609497,0.002873655
3669,imagen_limpia,0,0.052121498,0.037329428
13595,imagen_limpia,0,0.0011380381,0.00051735825
15898,imagen_limpia,0,0.20442696,0.22588083
18737,imagen_limpia,1,0.979005,0.9799477
4336,imagen_limpia,0,0.91022867,0.6861826
19695,imagen_limpia,0,0.19137073,0.16600981
9010,imagen_limpia,0,0.044431247,0.009377912
19226,imagen_limpia,0,0.12654659,0.019384006
21675,imagen_limpia,0,0.5080803,0.39444995
19882,imagen_limpia,0,0.02343702,0.015703635
203,imagen_limpia,0,0.012958995,0.009808964
7684,escaneo,0,0.22016913,0.19001085
2317,escaneo,0,0.034950525,0.027599175
17193,escaneo,0,0.30632487,0.46383384
19526,escaneo,1,0.9842589,0.9925471
2224,escaneo,0,0.018809302,0.008314187
2592,escaneo,0,0.70217246,0.63311666
17536,escaneo,0,0.45148754,0.31079862
16168,escaneo,1,0.99331677,0.9818548
2789,escaneo,0,0.28388417,0.17911814
12649,escaneo,0,0.024808135,0.026902715
5217,escaneo,0,0.007182973,0.0061469446
9994,escaneo,0,0.043921012,0.04653879
15227,escaneo,1,0.95906734,0.9352447
17648,escaneo,0,0.0100246845,0.012405283
3755,escaneo,1,0.81438506,0.74182063
9740,escaneo,0,0.009807511,0.002198985
4676,escaneo,0,0.20491253,0.16199435
5304,escaneo,0,0.17011759,0.12414634
9943,escaneo,0,0.71155727,0.5224947
7543,escaneo,0,0.5036237,0.145322
10180,escaneo,0,0.03852385,0.019012935
9338,escaneo,0,0.16346431,0.07079032
4820,escaneo,0,0.03436717,0.01234247
4922,escaneo,0,0.06085048,0.022609755
12607,escaneo,0,0.03332113,0.016256899
12156,escaneo,1,0.9642994,0.9622554
20974,escaneo,1,0.7860023,0.6903418
9174,escaneo,0,0.0067496905,0.0011130107
20563,escaneo,0,0.02894542,0.027644118
20966,escaneo,0,0.2899026,0.23105842
10240,escaneo,0,0.7673994,0.40198055
7438,escaneo,0,0.34864652,0.26621288
448,escaneo,0,0.13332674,0.08964018
12475,escaneo,0,0.088191696,0.032743696
19959,escaneo,0,0.006909042,0.00054782094
4220,escaneo,0,0.08957309,0.06687112
9272,escaneo,0,0.087320894,0.0434413
15924,escaneo,1,0.7412038,0.85335636
3699,escaneo,0,0.45441592,0.2777665
4149,escaneo,0,0.36113387,0.32688954
17888,escaneo,0,0.037585836,0.039494928
12241,escaneo,1,0.4646239,0.4966132
10238,escaneo,0,0.6380519,0.7102109
12192,escaneo,0,0.34111962,0.108023115
1307,escaneo,0,0.02251556,0.014430779
17920,escaneo,0,0.9858301,0.98090667
11520,escaneo,0,0.048511993,0.019159459
19703,escaneo,0,0.18085153,0.1287022
12126,escaneo,0,0.23279534,0.3448885
5873,escaneo,0,0.00861352,0.0040375465
3384,escaneo,0,0.008312602,0.0055368897
17511,escaneo,0,0.033072606,0.043754224
1169,escaneo,0,0.08945409,0.07203605
1946,escaneo,0,0.01423615,0.007893702
10640,escaneo,0,0.7776314,0.8356497
4576,escaneo,1,0.88871187,0.9475287
121,escaneo,0,0.16605657,0.12394306
427,escaneo,0,0.08131046,0.029044691
7054,escaneo,0,0.0425948,0.017287163
5743,escaneo,0,0.0752951,0.050227318
3634,escaneo,0,0.0138986735,0.01283969
4225,escaneo,1,0.86655414,0.90665686
892,escaneo,0,0.46219492,0.5050379
6683,escaneo,1,0.98907185,0.9964557
14634,escaneo,0,0.015366504,0.009391286
9702,escaneo,0,0.0049795383,0.0035014364
917,escaneo,0,0.005163881,0.001461025
1405,escaneo,1,0.9993493,0.9996177
13052,escaneo,0,0.048649836,0.013752653
9570,escaneo,1,0.9999689,0.9998783
1993,escaneo,0,0.3667614,0.15778847
4103,escaneo,0,0.13547505,0.010505024
10824,escaneo,0,0.040572613,0.021948552
13847,escaneo,1,0.7641384,0.8139121
16077,escaneo,1,0.989921,0.99091935
15857,escaneo,0,0.10431855,0.09188955
440,escaneo,0,0.1775637,0.0958503
208,escaneo,0,0.039231766,0.0130384695
18982,escaneo,0,0.017338725,0.020417336
9869,escaneo,0,0.035503797,0.034977477
15647,escaneo,1,0.99999213,0.999995
10054,escaneo,0,0.09058855,0.059869047
132,escaneo,0,0.563292,0.64781636
3201,escaneo,0,0.14314295,0.052490935
7967,escaneo,0,0.4112953,0.20122671
20127,escaneo,0,0.5510548,0.2484852
3612,escaneo,0,0.028650695,0.0049882494
2492,escaneo,1,0.91139877,0.93676627
21177,escaneo,0,0.32648328,0.44206437
2151,escaneo,0,0.018178584,0.007969599
8872,escaneo,0,0.6412178,0.63988113
732,escaneo,0,0.020478051,0.012149578
6562,escaneo,0,0.5434134,0.29155207
6353,escaneo,1,0.37216812,0.88983744
20684,escaneo,0,0.006770373,0.003973932
14004,escaneo,1,0.9766773,0.98205996
11739,escaneo,0,0.005894881,0.0025269182
3350,escaneo,0,0.160144,0.02279352
10594,escaneo,0,0.19732484,0.13652004
19424,escaneo,0,0.10288967,0.0763952
1268,escaneo,0,0.039094504,0.021110645
5600,escaneo,0,0.34014162,0.06757828
1219,escaneo,0,0.01725966,0.016093139
14194,escaneo,1,0.71011424,0.6107371
564,escaneo,1,0.95719934,0.95650977
8963,escaneo,0,0.002830354,0.0028081348
8460,escaneo,0,0.56832564,0.42111287
13446,escaneo,0,0.18762384,0.17184044
14146,escaneo,0,0.11152324,0.1134205
696,escaneo,0,0.0023320694,0.0016890962
15899,escaneo,0,0.10907732,0.042087104
3522,escaneo,0,0.0017830806,0.000740831
8475,escaneo,0,0.74314576,0.64046496
18708,escaneo,0,0.19675586,0.13771543
10766,escaneo,0,0.091794685,0.02016451
3918,escaneo,0,0.08063696,0.038958807
9196,escaneo,0,0.14724477,0.08610724
1812,escaneo,1,0.93271375,0.91540647
5606,escaneo,0,0.8395702,0.9021449
13248,escaneo,0,0.12852214,0.10504623
12919,escaneo,0,0.0029552828,0.0026809499
4079,escaneo,0,0.09553983,0.10363805
6222,escaneo,0,0.003751698,0.0032934693
7348,escaneo,0,0.98895955,0.9830467
19432,escaneo,0,0.005101982,0.001997608
15575,escaneo,0,0.14018089,0.15680161
12178,escaneo,0,0.018886847,0.022329232
16149,escaneo,0,0.0027978548,0.002162505
5331,escaneo,0,0.058934372,0.06893113
11489,escaneo,0,0.005346653,0.0020016255
5918,escaneo,0,0.13421297,0.0844154
18175,escaneo,0,0.014508842,0.0049065463
20865,escaneo,1,0.97500676,0.97459745
8241,escaneo,1,0.99577326,0.9945093
9823,escaneo,0,0.9341681,0.93473923
8126,escaneo,0,0.33302778,0.45936826
7190,escaneo,0,0.066729456,0.058183268
10743,escaneo,0,0.04710062,0.01763929
18762,escaneo,1,0.62103546,0.53777796
4704,escaneo,0,0.5038974,0.2579223
3060,escaneo,0,0.009075696,0.0027751944
13954,escaneo,0,0.33254665,0.44690612
17358,escaneo,0,0.0045323693,0.0021056822
12552,escaneo,0,0.42386675,0.40449426
7022,escaneo,0,0.7423857,0.6014679
17983,escaneo,0,0.5950542,0.5573487
318,escaneo,0,0.48520455,0.36559534
12028,escaneo,0,0.26974967,0.09433759
16537,escaneo,0,0.025792213,0.0054216078
19906,escaneo,1,0.9407209,0.9550329
2920,escaneo,0,0.0011073779,0.00020351193
17290,escaneo,0,0.015127901,0.005172779
10061,escaneo,0,0.36714974,0.24055578
12841,escaneo,1,0.9999397,0.9999782
10342,escaneo,0,0.012671493,0.0036648873
9248,escaneo,1,0.99999356,0.99998426
14762,escaneo,1,0.92790353,0.91932905
2146,escaneo,0,0.1825655,0.07922605
20313,escaneo,1,0.7274385,0.8407586
172,escaneo,0,0.66728,0.65610653
17404,escaneo,1,0.99358106,0.9944956
3704,escaneo,0,0.03858325,0.025583694
4565,escaneo,0,0.00416503,0.0021384207
405,escaneo,0,0.007465185,0.005778221
1944,escaneo,1,0.9999981,0.99999857
15548,escaneo,0,0.006959391,0.0057958188
5804,escaneo,0,0.761103,0.6521689
3947,escaneo,0,0.7159821,0.46915472
14771,escaneo,0,0.008094114,0.0048418078
3035,escaneo,0,0.011495421,0.00750076
20240,escaneo,1,0.9303138,0.94004047
6380,escaneo,0,0.11527728,0.020798929
14653,escaneo,0,0.3099278,0.26651993
18882,escaneo,0,0.031567093,0.022542901
7243,escaneo,0,0.022958335,0.008393116
789,escaneo,0,0.05894826,0.057858355
2422,escaneo,1,0.99999464,0.9999747
16357,escaneo,1,0.9885388,0.99720204
10401,escaneo,0,0.90266424,0.9288359
5530,escaneo,0,0.24935992,0.1252627
19208,escaneo,0,0.016284518,0.0052923546
3497,escaneo,0,0.0326156,0.02006505
4335,escaneo,0,0.38831052,0.36145663
14667,escaneo,1,0.99851996,0.9975454
6735,escaneo,0,0.05391257,0.026521426
11550,escaneo,0,0.45221996,0.39235252
8147,escaneo,0,0.011629809,0.008886024
7882,escaneo,0,0.09906335,0.048778
6903,escaneo,1,0.96632016,0.93119574
3220,escaneo,0,0.09590085,0.15151101
12147,escaneo,0,0.15995112,0.06702047
17951,escaneo,1,0.75487936,0.5772176
9180,escaneo,1,0.91716623,0.88064605
2602,escaneo,0,0.086354546,0.05215389
18332,escaneo,0,0.011726943,0.010638248
17700,escaneo,0,0.13684145,0.12070689
756,escaneo,0,0.9740819,0.9196542
119,escaneo,0,0.25919962,0.13130867
11901,escaneo,0,0.97457236,0.9459693
527,escaneo,0,0.8595686,0.5076738
2596,escaneo,0,0.023590297,0.011944756
12758,escaneo,1,0.13433819,0.11704092
11055,escaneo,0,0.018264422,0.015880065
2928,escaneo,0,0.062458843,0.011299212
12220,escaneo,0,0.03435279,0.027317563
12941,escaneo,1,0.96577126,0.9480611
10261,escaneo,0,0.009171837,0.006087323
14026,escaneo,0,0.74929357,0.77084935
6207,escaneo,0,0.24396068,0.25790933
20891,escaneo,0,0.044588935,0.03434586
20049,escaneo,0,0.037504707,0.014877711
5835,escaneo,0,0.0036512741,0.0029498695
12301,escaneo,0,0.69542813,0.04164548
3043,escaneo,0,0.017120885,0.027873417
12528,escaneo,0,0.0027772302,0.0017519179
21181,escaneo,0,0.7510121,0.74907166
13923,escaneo,0,0.058150057,0.0075026834
14836,escaneo,0,0.012006204,0.008557428
13494,escaneo,0,0.0037934228,0.0020705163
9115,escaneo,0,0.6425845,0.54337907
1785,escaneo,0,0.0025006344,0.0017140417
7661,escaneo,1,0.82352376,0.778992
17658,escaneo,1,0.70573807,0.5620957
11916,escaneo,0,0.010883837,0.0064860997
1120,escaneo,0,0.2576901,0.101705335
7876,escaneo,1,0.99801946,0.9977416
5428,escaneo,0,0.0045553455,0.0037362985
16003,escaneo,0,0.7083977,0.44031414
4893,escaneo,0,0.003635073,0.0029284619
6284,escaneo,0,0.004616336,0.008613846
8733,escaneo,1,0.9704028,0.96149945
3855,escaneo,1,0.9977562,0.999608
5299,escaneo,0,0.12138602,0.027993515
2192,escaneo,0,0.010119974,0.0027752446
9178,escaneo,0,0.0528207,0.01353209
12124,escaneo,1,0.8621468,0.5733376
16045,escaneo,0,0.006084162,0.0045199404
19268,escaneo,0,0.50994915,0.5568796
5465,escaneo,0,0.7477419,0.59687316
449,escaneo,0,0.50642896,0.22351164
2180,escaneo,0,0.39653933,0.37733492
13819,escaneo,1,0.10158127,0.04953449
1351,escaneo,0,0.01047986,0.005064427
20220,escaneo,0,0.25826207,0.18643816
14745,escaneo,0,0.69131905,0.7779666
5067,escaneo,0,0.9815136,0.980411
11645,escaneo,1,0.99484396,0.9952976
19669,escaneo,0,0.004437551,0.0028244385
5830,escaneo,0,0.09435922,0.08477438
4960,escaneo,0,0.12562701,0.025610631
11139,escaneo,1,0.98714906,0.9887688
18752,escaneo,1,0.8632495,0.849128
11170,escaneo,1,0.96739376,0.94782966
13139,escaneo,0,0.44533753,0.43460202
19042,escaneo,0,0.011574395,0.006020993
14205,escaneo,0,0.05151456,0.022945523
1632,escaneo,0,0.04491186,0.023161827
10383,escaneo,0,0.52362424,0.4554404
9765,escaneo,1,0.9925257,0.99542445
6924,escaneo,0,0.3427591,0.12872952
16147,escaneo,0,0.019244079,0.006678012
4203,escaneo,1,0.83534867,0.6824031
16609,escaneo,1,0.7404787,0.63750315
4560,escaneo,0,0.01034836,0.008226036
18416,escaneo,0,0.9724841,0.96879005
2277,escaneo,0,0.028808204,0.010301642
11108,escaneo,1,0.5135142,0.44138288
10547,escaneo,0,0.07467071,0.013007219
6190,escaneo,0,0.8137143,0.34538636
20602,escaneo,0,0.06931577,0.039301164
472,escaneo,0,0.15364109,0.093347
14021,escaneo,0,0.68298894,0.67020255
6189,escaneo,0,0.20518163,0.26720995
7053,escaneo,0,0.94124377,0.95619553
4066,escaneo,0,0.5542815,0.4226254
16637,escaneo,0,0.49340552,0.3714947
2170,escaneo,0,0.072999686,0.058465198
18777,escaneo,0,0.110822976,0.116216525
13214,escaneo,0,0.083029285,0.020696566
9167,escaneo,0,0.6757774,0.5541551
16529,escaneo,0,0.3451499,0.39552957
16046,escaneo,0,0.99855965,0.9987716
16908,escaneo,0,0.19204822,0.21196003
10210,escaneo,1,0.8753427,0.8042908
16952,escaneo,1,0.9927717,0.99442923
4295,escaneo,0,0.019990498,0.0012661584
13338,escaneo,1,0.90931094,0.9679064
11129,escaneo,0,0.007010534,0.003928846
14201,escaneo,0,0.8498528,0.8100177
8041,escaneo,1,0.36448342,0.4083032
19572,escaneo,1,0.9999082,0.99994123
8032,escaneo,1,0.630836,0.7204233
10596,escaneo,0,0.7120923,0.58932555
12137,escaneo,1,0.33646488,0.39254162
19670,escaneo,0,0.023279388,0.009518353
5278,escaneo,0,0.09882244,0.07267151
10755,escaneo,1,0.7924714,0.7850072
8492,escaneo,0,0.30822057,0.1714385
14145,escaneo,0,0.072268285,0.021093072
3652,escaneo,0,0.74729186,0.37267125
10205,escaneo,0,0.16212574,0.13785823
19427,escaneo,0,0.010910438,0.010953469
11487,escaneo,0,0.032908555,0.017604671
18592,escaneo,1,0.9979949,0.9979572
2734,escaneo,0,0.5448778,0.29703113
3908,escaneo,1,0.9740036,0.98023444
9791,escaneo,0,0.76734734,0.72404927
8795,escaneo,0,0.079565585,0.050639395
13959,escaneo,0,0.0014537259,0.0003677948
3632,escaneo,1,0.483541,0.56379724
17370,escaneo,0,0.7589968,0.60890716
10887,escaneo,0,0.96602863,0.99438804
12336,escaneo,0,0.027217455,0.026080843
12720,escaneo,0,0.02151187,0.0022822036
5519,escaneo,0,0.006881336,0.004014648
16780,escaneo,0,0.027671086,0.005855354
21673,escaneo,0,0.75847155,0.55626905
6201,escaneo,0,0.5441932,0.35406923
8663,escaneo,0,0.021940272,0.016571544
2368,escaneo,0,0.0034818654,0.0015553522
1950,escaneo,1,0.99969816,0.99959975
20523,escaneo,0,0.0015385376,0.0005854401
16150,escaneo,0,0.1251503,0.12930736
17298,escaneo,0,0.0672817,0.04018603
19324,escaneo,0,0.0090836985,0.0057253446
11788,escaneo,0,0.15684049,0.10616605
8808,escaneo,0,0.24911366,0.5262053
5360,escaneo,1,0.6402411,0.65680844
20576,escaneo,0,0.09485192,0.045836
4458,escaneo,0,0.009498445,0.0011773406
8922,escaneo,0,0.0024739902,0.0014729629
18132,escaneo,0,0.19652715,0.024888393
17169,escaneo,0,0.071332134,0.09512111
16566,escaneo,1,0.9118173,0.91115296
6208,escaneo,0,0.028404092,0.023793994
3948,escaneo,0,0.15653001,0.11831693
8139,escaneo,0,0.65874034,0.7838312
18671,escaneo,0,0.80745196,0.74839336
8185,escaneo,0,0.013856897,0.0061515607
4805,escaneo,0,0.061612446,0.117292866
13405,escaneo,1,0.8411526,0.83040816
619,escaneo,0,0.15058838,0.037194118
14217,escaneo,0,0.5359621,0.5168616
14184,escaneo,0,0.09269567,0.059478078
14238,escaneo,0,0.505794,0.22265202
11010,escaneo,1,0.9996891,0.9995522
19396,escaneo,1,0.9999156,0.9999534
12338,escaneo,0,0.18358053,0.11818975
723,escaneo,1,0.98753333,0.99099594
1901,escaneo,1,0.3685094,0.37959772
14248,escaneo,0,0.013677533,0.022132002
8344,escaneo,1,0.9986305,0.99972993
1133,escaneo,0,0.047205403,0.028659532
1251,escaneo,0,0.4289676,0.5123742
707,escaneo,0,0.07183492,0.03716366
10519,escaneo,0,0.057318598,0.042133793
11664,escaneo,1,0.9588607,0.9791205
14446,escaneo,1,0.83293056,0.87032706
12223,escaneo,1,0.8935791,0.9540547
15871,escaneo,1,0.97738045,0.98317856
12169,escaneo,1,1.0,1.0
7865,escaneo,0,0.88238615,0.8895063
18140,escaneo,0,0.8379615,0.8961388
8509,escaneo,1,0.996163,0.99740714
19507,escaneo,1,0.97214794,0.9788189
4508,escaneo,0,0.12695482,0.12264315
10388,escaneo,0,0.048200652,0.014243761
19924,escaneo,0,0.076683715,0.051289737
5219,escaneo,1,0.9401898,0.9505021
13913,escaneo,1,0.9861098,0.9944859
245,escaneo,0,0.7671824,0.75829405
8203,escaneo,0,0.04486079,0.033163942
2935,escaneo,0,0.13393119,0.12575114
12235,escaneo,1,0.9898769,0.99050844
8632,escaneo,0,0.56479764,0.6195881
16871,escaneo,0,0.008943584,0.0024617645
8504,escaneo,0,0.03893032,0.018677946
3515,escaneo,0,0.022286177,0.019964859
334,escaneo,0,0.087653145,0.044718437
21325,escaneo,0,0.7838899,0.9400178
19848,escaneo,1,0.9646816,0.97464526
12719,escaneo,1,0.9409859,0.9935088
11113,escaneo,0,0.047090065,0.04634203
10888,escaneo,1,0.997375,0.9994036
2417,escaneo,0,0.5268992,0.35763952
11077,escaneo,0,0.26838255,0.09452773
12451,escaneo,0,0.1607429,0.0039507807
4646,escaneo,1,0.99695,0.9998896
17419,escaneo,1,0.7138735,0.6086091
10806,escaneo,0,0.66489077,0.7601332
12521,escaneo,1,0.95844424,0.9411508
20024,escaneo,0,0.758998,0.7619978
167,escaneo,0,0.21846281,0.20154628
17525,escaneo,0,0.106473714,0.07993959
17748,escaneo,0,0.28793496,0.16025573
4254,escaneo,0,0.38017133,0.3854513
19701,escaneo,0,0.10427121,0.021174503
611,escaneo,0,0.006436718,0.0048095677
271,escaneo,1,0.83809865,0.82562315
15297,escaneo,0,0.3543847,0.3065921
11805,escaneo,0,0.0016718506,0.001131524
2569,escaneo,1,0.41117156,0.5302035
21021,escaneo,0,0.9085585,0.95338815
10589,escaneo,0,0.018782321,0.0051200334
4758,escaneo,0,0.724208,0.43777633
2802,escaneo,1,0.92362064,0.85494924
11853,escaneo,0,0.85695505,0.557306
175,escaneo,1,0.99116254,0.9629108
15737,escaneo,0,0.011759298,0.008454916
18548,escaneo,0,0.0384723,0.023178047
16692,escaneo,1,0.9196684,0.8910531
19254,escaneo,0,0.09427293,0.021998705
20100,escaneo,0,0.3104309,0.37960383
9753,escaneo,0,0.19215392,0.09853552
15729,escaneo,0,0.34076145,0.28905615
2369,escaneo,0,0.27071476,0.26186085
452,escaneo,0,0.3460773,0.33259153
12835,escaneo,0,0.03757165,0.0320803
19291,escaneo,0,0.25573775,0.1358123
3275,escaneo,1,0.8936166,0.9288165
18266,escaneo,0,0.8336236,0.6288241
21017,escaneo,0,0.21823634,0.19451122
10970,escaneo,0,0.0021174457,0.0017234472
8209,escaneo,0,0.086333476,0.11844638
11834,escaneo,0,0.017354045,0.021802692
7080,escaneo,0,0.032154858,0.0017164194
3215,escaneo,0,0.20494257,0.12371237
1158,escaneo,0,0.7050525,0.81170726
17701,escaneo,0,0.0048765284,0.0010779867
13167,escaneo,0,0.62247217,0.23345913
3913,escaneo,1,0.9872801,0.98508704
10807,escaneo,1,0.99066365,0.99273795
18365,escaneo,0,0.0060349954,0.00459125
19053,escaneo,1,0.3114062,0.23788929
2403,escaneo,0,0.015137564,0.0065574865
11533,escaneo,0,0.021424936,0.010782741
14869,escaneo,0,0.13004997,0.10604767
10268,escaneo,0,0.03209964,0.023828706
10359,escaneo,0,0.7918246,0.5175573
688,escaneo,0,0.99149793,0.9948743
19250,escaneo,0,0.023503236,0.008299896
15507,escaneo,0,0.0093043195,0.0043339706
16993,escaneo,0,0.9415737,0.8865972
16035,escaneo,0,0.013576549,0.029003993
16144,escaneo,0,0.18732019,0.09605049
5122,escaneo,0,0.17679924,0.16714841
1853,escaneo,1,0.9994735,0.99963164
11474,escaneo,0,0.62605214,0.78463024
4926,escaneo,0,0.5360626,0.23461252
9892,escaneo,0,0.18230623,0.21189308
10537,escaneo,0,0.17448492,0.10078761
3688,escaneo,0,0.22313657,0.082438245
14166,escaneo,0,0.20742947,0.22248305
13642,escaneo,0,0.035645932,0.012114063
1094,escaneo,0,0.0014810306,0.0015652732
3078,escaneo,0,0.11913028,0.06371958
13860,escaneo,0,0.4506007,0.4526853
7950,escaneo,0,0.05500308,0.05479237
1933,escaneo,0,0.011817976,0.0027249632
9891,escaneo,1,0.96107394,0.9910936
8114,escaneo,0,0.034296,0.03950681
2045,escaneo,0,0.00021994185,0.00013399169
20406,escaneo,0,0.17067057,0.10721157
20242,escaneo,0,0.15405846,0.023061682
21104,escaneo,1,0.9999628,0.9999894
7491,escaneo,0,0.006505419,0.00625859
3696,escaneo,1,0.7813151,0.80405146
6314,escaneo,0,0.24644558,0.06448981
10196,escaneo,0,0.9812795,0.8893499
19867,escaneo,0,0.12331112,0.022361161
6556,escaneo,1,0.9784185,0.98821926
15438,escaneo,0,0.00081307837,0.0010951572
9773,escaneo,0,0.00742158,0.007832523
1054,escaneo,0,0.010232547,0.007862306
377,escaneo,0,0.06589464,0.03481952
8844,escaneo,0,0.0026086583,0.0011113686
10660,escaneo,1,0.9987658,0.99657553
8224,escaneo,0,0.0017244107,0.0014790989
3949,escaneo,1,0.9928645,0.9945945
4866,escaneo,1,0.7858237,0.31013066
3208,escaneo,1,0.9690295,0.9349475
1994,escaneo,0,0.05155895,0.043702997
15421,escaneo,1,0.97950554,0.9829943
14244,escaneo,0,0.8596648,0.8105383
12197,escaneo,1,0.99995637,0.9999958
21809,escaneo,0,0.9129577,0.85907626
18758,escaneo,1,0.022226552,0.025199052
15988,escaneo,0,0.0064831628,0.002873655
3669,escaneo,0,0.064430766,0.037329428
13595,escaneo,0,0.0039349045,0.0037279779
15898,escaneo,0,0.27552053,0.22588083
18737,escaneo,1,0.96174186,0.9799477
4336,escaneo,0,0.94887614,0.6861826
19695,escaneo,0,0.11129001,0.09329537
9010,escaneo,0,0.027668437,0.008042665
19226,escaneo,0,0.22877984,0.019384006
21675,escaneo,0,0.4302657,0.4880833
19882,escaneo,0,0.036158137,0.015703635
203,escaneo,0,0.015194427,0.008120445
7684,foto,0,0.31232733,0.19001085
2317,foto,0,0.060110167,0.027599175
17193,foto,0,0.46242687,0.46383384
19526,foto,1,0.9847297,0.99559844
2224,foto,0,0.01470863,0.008314187
2592,foto,0,0.68064576,0.63311666
17536,foto,0,0.24787301,0.19481993
16168,foto,1,0.9895549,0.9818548
2789,foto,0,0.6978019,0.17911814
12649,foto,0,0.029761884,0.026902715
5217,foto,0,0.87054354,0.0061469446
9994,foto,0,0.05680603,0.04653879
15227,foto,1,0.934604,0.93612313
17648,foto,0,0.0067675747,0.012405283
3755,foto,1,0.72612184,0.74182063
9740,foto,0,0.07964507,0.002198985
5304,foto,0,0.1265971,0.12414634
9943,foto,0,0.6436291,0.5224947
7543,foto,0,0.5056879,0.145322
10180,foto,0,0.028199784,0.019012935
9338,foto,0,0.11925848,0.07079032
4820,foto,0,0.01985635,0.008913726
4922,foto,0,0.1064457,0.16640393
12607,foto,0,0.05992234,0.016256899
12156,foto,1,0.9863853,0.9738454
20974,foto,1,0.72188765,0.6903418
9174,foto,0,0.009058499,0.0011130107
20563,foto,0,0.03635875,0.027644118
20966,foto,0,0.3788626,0.23105842
10240,foto,0,0.89541906,0.6111666
7438,foto,0,0.3887787,0.26621288
448,foto,0,0.060703106,0.08964018
12475,foto,0,0.07881468,0.032743696
19959,foto,0,0.0051627276,0.0006266345
4220,foto,0,0.06895117,0.06687112
9272,foto,0,0.06284811,0.0434413
15924,foto,1,0.7694606,0.84281224
3699,foto,0,0.97964513,0.2777665
4149,foto,0,0.584741,0.43516353
17888,foto,0,0.062231086,0.039494928
12241,foto,1,0.17296617,0.4966132
10238,foto,0,0.57029384,0.55655634
12192,foto,0,0.5767108,0.108023115
1307,foto,0,0.01689294,0.014430779
17920,foto,0,0.98794544,0.98090667
11520,foto,0,0.015321641,0.011553873
19703,foto,0,0.16950604,0.1287022
12126,foto,0,0.26998314,0.24001296
5873,foto,0,0.008796312,0.011059595
3384,foto,0,0.020748176,0.005148457
17511,foto,0,0.15225671,0.043754224
1169,foto,0,0.18543209,0.07203605
1946,foto,0,0.012673557,0.003429117
10640,foto,0,0.8455571,0.8447806
4576,foto,1,0.9201843,0.98492557
121,foto,0,0.2534092,0.102727145
427,foto,0,0.04562731,0.029044691
7054,foto,0,0.15031531,0.030023402
5743,foto,0,0.120484486,0.050227318
3634,foto,0,0.018925095,0.01283969
4225,foto,1,0.81845367,0.87723356
892,foto,0,0.42857274,0.5050379
6683,foto,1,0.9973659,0.9964557
14634,foto,0,0.025346227,0.009391286
9702,foto,0,0.0042408095,0.001382833
917,foto,0,0.0019470879,0.001461025
1405,foto,1,0.99942964,0.9996177
13052,foto,0,0.03367361,0.014440658
9570,foto,1,0.99987316,0.9998783
1993,foto,0,0.4305034,0.15778847
4103,foto,0,0.22632852,0.010505024
10824,foto,0,0.06638421,0.021948552
13847,foto,1,0.88504463,0.8139121
16077,foto,1,0.99074566,0.99091935
15857,foto,0,0.06712929,0.09188955
440,foto,0,0.14638788,0.04262261
208,foto,0,0.017708782,0.0130384695
18982,foto,0,0.018253252,0.015142252
9869,foto,0,0.024696624,0.034977477
15647,foto,1,0.9999989,0.99999654
10054,foto,0,0.20081858,0.059869047
132,foto,0,0.54115534,0.2165572
3201,foto,0,0.013833406,0.004546483
7967,foto,0,0.2839196,0.23579203
20127,foto,0,0.53324944,0.2484852
3612,foto,0,0.025095247,0.004668184
21177,foto,0,0.30774045,0.44206437
2151,foto,0,0.014871017,0.007969599
8872,foto,0,0.6335063,0.63988113
732,foto,0,0.012839079,0.012149578
6562,foto,0,0.35972443,0.29155207
6353,foto,1,0.92317784,0.8798985
20684,foto,0,0.013831163,0.003973932
14004,foto,1,0.9695115,0.98205996
11739,foto,0,0.0015857508,0.0019981768
3350,foto,0,0.17612407,0.02279352
10594,foto,0,0.2985249,0.13652004
19424,foto,0,0.07199692,0.031802222
1268,foto,0,0.05577619,0.020174727
5600,foto,0,0.25741678,0.06757828
1219,foto,0,0.18743569,0.013269641
14194,foto,1,0.7829592,0.6107371
564,foto,1,0.9937411,0.9929404
8963,foto,0,0.0044937995,0.0021493542
8460,foto,0,0.6608552,0.42111287
13446,foto,0,0.20319241,0.17184044
14146,foto,0,0.16918878,0.11390395
3522,foto,0,0.0013640865,0.00088170695
8475,foto,0,0.64286804,0.5685665
18708,foto,0,0.26106906,0.13771543
10766,foto,0,0.35181746,0.02016451
3918,foto,0,0.07658345,0.060837552
9196,foto,0,0.27908853,0.20344241
1812,foto,1,0.91396904,0.91540647
5606,foto,0,0.96103144,0.9494
13248,foto,0,0.267728,0.14567102
12919,foto,0,0.0053875255,0.0026809499
4079,foto,0,0.17493887,0.10363805
6222,foto,0,0.012296705,0.0032934693
7348,foto,0,0.85274965,0.954974
19432,foto,0,0.014653924,0.001997608
15575,foto,0,0.35735834,0.15680161
12178,foto,0,0.28580597,0.022329232
16149,foto,0,0.0015774815,0.002162505
5331,foto,0,0.12370271,0.06893113
11489,foto,0,0.009622913,0.0020016255
5918,foto,0,0.13792805,0.0844154
18175,foto,0,0.021155648,0.0049065463
20865,foto,1,0.97606647,0.97459745
8241,foto,1,0.9816233,0.9785302
9823,foto,0,0.93729,0.93473923
8126,foto,0,0.13348123,0.45936826
7190,foto,0,0.02115733,0.03535606
10743,foto,0,0.052141197,0.013855386
18762,foto,1,0.9260726,0.9369754
4704,foto,0,0.54873216,0.2579223
3060,foto,0,0.0106479945,0.0104662515
13954,foto,0,0.36764142,0.44690612
17358,foto,0,0.0061692027,0.0016904812
12552,foto,0,0.25934374,0.2479824
7022,foto,0,0.84331805,0.84615993
17983,foto,0,0.4818503,0.46452886
318,foto,0,0.56682163,0.47414124
12028,foto,0,0.30876127,0.051018596
16537,foto,0,0.0091833705,0.002152543
19906,foto,1,0.9733782,0.9550329
2920,foto,0,0.0011193512,0.00020351193
17290,foto,0,0.0024476908,0.005172779
10061,foto,0,0.2841222,0.24055578
12841,foto,1,0.9986552,0.99925953
10342,foto,0,0.101051554,0.02354157
9248,foto,1,0.99973947,0.99998426
14762,foto,1,0.8269504,0.5538699
2146,foto,0,0.13495012,0.03335144
20313,foto,1,0.6871292,0.7183348
172,foto,0,0.958221,0.9229676
17404,foto,1,0.9923874,0.9944956
3704,foto,0,0.046463776,0.025583694
4565,foto,0,0.037071127,0.0021384207
1944,foto,1,0.9999535,0.9999026
15548,foto,0,0.00475738,0.0057958188
5804,foto,0,0.4647224,0.32785884
3947,foto,0,0.7200166,0.46915472
14771,foto,0,0.013238746,0.0048418078
3035,foto,0,0.018479953,0.008018499
6380,foto,0,0.58238035,0.014887108
14653,foto,0,0.28732386,0.26651993
18882,foto,0,0.02707033,0.013263473
7243,foto,0,0.027083598,0.008393116
789,foto,0,0.26102462,0.10961089
2422,foto,1,0.9999652,0.9999747
16357,foto,1,0.8866601,0.99068695
10401,foto,0,0.64860487,0.7866684
5530,foto,0,0.4869636,0.1309877
19208,foto,0,0.022927351,0.0064008827
4335,foto,0,0.1933614,0.36145663
14667,foto,1,0.99278075,0.9893205
6735,foto,0,0.030965224,0.026521426
11550,foto,0,0.49348733,0.39235252
8147,foto,0,0.0769959,0.017450513
7882,foto,0,0.08462516,0.048778
6903,foto,1,0.7932303,0.93119574
3220,foto,0,0.95249,0.15151101
12147,foto,0,0.16000761,0.06702047
17951,foto,1,0.7395405,0.5114759
9180,foto,1,0.9137075,0.88064605
2602,foto,0,0.10335901,0.05215389
18332,foto,0,0.026611526,0.010638248
17700,foto,0,0.16648382,0.12070689
756,foto,0,0.9365662,0.9196542
119,foto,0,0.24314678,0.23758537
11901,foto,0,0.9560954,0.9427005
527,foto,0,0.7593162,0.3281692
2596,foto,0,0.028075218,0.009465963
12758,foto,1,0.10459802,0.09505302
11055,foto,0,0.071254805,0.015880065
2928,foto,0,0.09370841,0.011299212
12220,foto,0,0.04566572,0.024831118
12941,foto,1,0.9800986,0.9855687
10261,foto,0,0.029207943,0.011799528
14026,foto,0,0.92861015,0.77084935
6207,foto,0,0.11040709,0.25790933
20891,foto,0,0.042466976,0.023283714
20049,foto,0,0.029616255,0.014877711
5835,foto,0,0.0033466488,0.0029498695
12301,foto,0,0.73385215,0.04164548
3043,foto,0,0.08309981,0.041247144
12528,foto,0,0.012911123,0.0033336466
21181,foto,0,0.6894182,0.74907166
13923,foto,0,0.04139272,0.0075026834
14836,foto,0,0.009865917,0.008557428
13494,foto,0,0.027211124,0.00781961
9115,foto,0,0.6237333,0.33140394
1785,foto,0,0.0022546325,0.0017140417
7661,foto,1,0.96679515,0.8109287
17658,foto,1,0.5259046,0.5620957
11916,foto,0,0.02670301,0.047397412
1120,foto,0,0.2883769,0.101705335
7876,foto,1,0.9923632,0.9977416
5428,foto,0,0.0028871146,0.003192442
16003,foto,0,0.6956418,0.44031414
4893,foto,0,0.0019047102,0.0015671455
6284,foto,0,0.08959396,0.03020552
8733,foto,1,0.96248055,0.96149945
3855,foto,1,0.9997515,0.999608
5299,foto,0,0.13095595,0.027993515
2192,foto,0,0.010120155,0.0027752446
9178,foto,0,0.024327757,0.01353209
12124,foto,1,0.923454,0.5733376
16045,foto,0,0.052968286,0.014545063
19268,foto,0,0.8155649,0.5568796
5465,foto,0,0.7276134,0.59687316
2180,foto,0,0.44640157,0.37733492
13819,foto,1,0.060311507,0.04953449
1351,foto,0,0.0045078453,0.002335338
20220,foto,0,0.2488538,0.18643816
14745,foto,0,0.786441,0.7779666
5067,foto,0,0.98634815,0.980411
11645,foto,1,0.9979401,0.9952976
19669,foto,0,0.0050072432,0.0028244385
5830,foto,0,0.15874574,0.08477438
4960,foto,0,0.08640252,0.025610631
11139,foto,1,0.97339386,0.9887688
18752,foto,1,0.91319466,0.9481732
11170,foto,1,0.98335683,0.95680684
13139,foto,0,0.22371483,0.43460202
19042,foto,0,0.005779027,0.005115522
14205,foto,0,0.09029016,0.022945523
1632,foto,0,0.037505854,0.023161827
10383,foto,0,0.77782017,0.4554404
9765,foto,1,0.99620974,0.9982305
6924,foto,0,0.39167702,0.12872952
16147,foto,0,0.0078779245,0.0036504415
4203,foto,1,0.8626132,0.8319706
16609,foto,1,0.86698043,0.5941961
4560,foto,0,0.02088452,0.008226036
18416,foto,0,0.9802452,0.96879005
2277,foto,0,0.046236917,0.020107873
11108,foto,1,0.38146505,0.4110327
10547,foto,0,0.2003367,0.004783905
6190,foto,0,0.9129445,0.45865953
20602,foto,0,0.07341455,0.039301164
472,foto,0,0.13283621,0.093347
14021,foto,0,0.52558035,0.67020255
6189,foto,0,0.315393,0.19738741
7053,foto,0,0.78789,0.68975645
4066,foto,0,0.5028385,0.4226254
16637,foto,0,0.39088908,0.3714947
2170,foto,0,0.035159577,0.025074095
18777,foto,0,0.053392,0.099408075
13214,foto,0,0.22475743,0.020696566
9167,foto,0,0.61370784,0.49509397
16529,foto,0,0.79497117,0.23918799
16046,foto,0,0.99227375,0.9956552
16908,foto,0,0.15551046,0.21196003
10210,foto,1,0.8965848,0.8908632
16952,foto,1,0.99566084,0.9964625
4295,foto,0,0.06584538,0.0012661584
13338,foto,1,0.89557314,0.94970536
11129,foto,0,0.116127126,0.04240412
14201,foto,0,0.7250079,0.8100177
8041,foto,1,0.88235825,0.82020146
19572,foto,1,0.99912614,0.999461
8032,foto,1,0.5175272,0.7204233
10596,foto,0,0.8877251,0.6805952
12137,foto,1,0.44907328,0.39254162
19670,foto,0,0.042075053,0.009518353
5278,foto,0,0.10015791,0.07267151
10755,foto,1,0.83069474,0.7850072
8492,foto,0,0.34475788,0.1714385
14145,foto,0,0.2597732,0.03572849
3652,foto,0,0.85854125,0.40063575
10205,foto,0,0.30007753,0.13785823
19427,foto,0,0.03829971,0.010953469
11487,foto,0,0.009924773,0.017604671
18592,foto,1,0.99798393,0.9979572
2734,foto,0,0.50299126,0.29703113
3908,foto,1,0.964901,0.9772989
9791,foto,0,0.70729196,0.72404927
8795,foto,0,0.07721721,0.050639395
13959,foto,0,0.009597557,0.0037647558
3632,foto,1,0.744612,0.884434
17370,foto,0,0.883497,0.60890716
10887,foto,0,0.94600624,0.99438804
12336,foto,0,0.05147304,0.026080843
12720,foto,0,0.037685834,0.0022822036
5519,foto,0,0.0044549606,0.004014648
16780,foto,0,0.011169617,0.005855354
21673,foto,0,0.7983356,0.55626905
6201,foto,0,0.40576205,0.38996953
8663,foto,0,0.0118260365,0.016571544
2368,foto,0,0.003785294,0.0015553522
1950,foto,1,0.9982558,0.99959975
20523,foto,0,0.002127039,0.0005854401
16150,foto,0,0.20098123,0.12930736
17298,foto,0,0.23360935,0.046764754
19324,foto,0,0.00560642,0.0057253446
11788,foto,0,0.0710018,0.10540844
8808,foto,0,0.2413199,0.5262053
20576,foto,0,0.2692775,0.25639942
4458,foto,0,0.0014568974,0.0011773406
8922,foto,0,0.0020946625,0.0014729629
18132,foto,0,0.33018327,0.024888393
17169,foto,0,0.10362115,0.09512111
6208,foto,0,0.4417889,0.18854333
3948,foto,0,0.02467451,0.03945125
8139,foto,0,0.66712344,0.7838312
18671,foto,0,0.86694694,0.74839336
8185,foto,0,0.037472837,0.0061515607
4805,foto,0,0.031875163,0.10984002
13405,foto,1,0.5566073,0.410008
619,foto,0,0.18584278,0.02127875
14217,foto,0,0.5194637,0.4939563
14184,foto,0,0.5951874,0.34316665
14238,foto,0,0.82339823,0.30107832
11010,foto,1,0.9990626,0.9995522
19396,foto,1,0.9999136,0.9999534
12338,foto,0,0.16256544,0.11818975
723,foto,1,0.9988281,0.99872774
1901,foto,1,0.5150199,0.44620764
14248,foto,0,0.0211384,0.023171926
8344,foto,1,0.9856821,0.99972993
1133,foto,0,0.053903244,0.09741398
1251,foto,0,0.5129321,0.5123742
707,foto,0,0.09797632,0.03716366
10519,foto,0,0.036570266,0.042133793
11664,foto,1,0.90112394,0.9791205
14446,foto,1,0.9025911,0.89131564
12223,foto,1,0.9863246,0.98605436
15871,foto,1,0.97769964,0.98317856
12169,foto,1,0.9999999,1.0
7865,foto,0,0.7733678,0.8895063
18140,foto,0,0.8457641,0.9205239
8509,foto,1,0.99189454,0.99740714
19507,foto,1,0.9582362,0.9788189
4508,foto,0,0.3436108,0.12264315
10388,foto,0,0.337845,0.024308592
19924,foto,0,0.12675932,0.06935764
5219,foto,1,0.9472094,0.9505021
13913,foto,1,0.9873954,0.9944859
245,foto,0,0.81049997,0.75829405
8203,foto,0,0.10046685,0.033163942
2935,foto,0,0.94262296,0.12405426
12235,foto,1,0.98517376,0.99050844
8632,foto,0,0.54456574,0.6195881
16871,foto,0,0.019531228,0.007838506
8504,foto,0,0.13786346,0.018677946
3515,foto,0,0.054271176,0.019964859
334,foto,0,0.12065546,0.02958187
21325,foto,0,0.9330297,0.9654668
19848,foto,1,0.97990394,0.97464526
12719,foto,1,0.7143602,0.9345983
11113,foto,0,0.07043923,0.036303543
10888,foto,1,0.99796873,0.9994036
2417,foto,0,0.7307095,0.68937266
11077,foto,0,0.08720352,0.09452773
12451,foto,0,0.41014162,0.0039507807
4646,foto,1,0.99829084,0.9998896
17419,foto,1,0.77967125,0.6086091
10806,foto,0,0.665641,0.7601332
12521,foto,1,0.9683747,0.945756
20024,foto,0,0.95088524,0.92594594
167,foto,0,0.24920632,0.20154628
17525,foto,0,0.053671043,0.053970713
17748,foto,0,0.2693891,0.16025573
4254,foto,0,0.3616286,0.3854513
19701,foto,0,0.13507892,0.021174503
611,foto,0,0.010847615,0.0048095677
271,foto,1,0.86044645,0.82562315
15297,foto,0,0.48924047,0.3065921
11805,foto,0,0.0034502363,0.0030809888
2569,foto,1,0.4939521,0.5302035
21021,foto,0,0.9638045,0.95338815
10589,foto,0,0.11264556,0.0051200334
4758,foto,0,0.7666919,0.43777633
2802,foto,1,0.8174029,0.88604265
11853,foto,0,0.8223652,0.557306
175,foto,1,0.8130023,0.9629108
15737,foto,0,0.012741663,0.010025518
18548,foto,0,0.016764004,0.0061862855
16692,foto,1,0.9362573,0.8910531
19254,foto,0,0.03697817,0.0060818186
20100,foto,0,0.33161423,0.37960383
9753,foto,0,0.35603717,0.09853552
15729,foto,0,0.40832907,0.28905615
2369,foto,0,0.4373447,0.26186085
452,foto,0,0.5864951,0.5473255
12835,foto,0,0.40453225,0.04137751
19291,foto,0,0.47215798,0.18077582
3275,foto,1,0.90494496,0.89676434
18266,foto,0,0.51582897,0.6288241
21017,foto,0,0.18609273,0.09183339
10970,foto,0,0.012355609,0.013151598
8209,foto,0,0.11446295,0.11844638
11834,foto,0,0.040548693,0.021802692
7080,foto,0,0.015886988,0.0017164194
3215,foto,0,0.25453594,0.12371237
1158,foto,0,0.7980096,0.81170726
17701,foto,0,0.0027748463,0.0010779867
13167,foto,0,0.70683825,0.23345913
3913,foto,1,0.948786,0.98508704
10807,foto,1,0.9957632,0.99273795
18365,foto,0,0.001968023,0.0033305075
19053,foto,1,0.2901588,0.23788929
2403,foto,0,0.00601636,0.0065574865
11533,foto,0,0.018202044,0.010782741
14869,foto,0,0.16098377,0.10604767
10268,foto,0,0.036640424,0.023828706
10359,foto,0,0.8568045,0.8572198
688,foto,0,0.9795985,0.9948743
19250,foto,0,0.024480557,0.008299896
15507,foto,0,0.06941699,0.0023983242
16993,foto,0,0.8697725,0.8865972
16035,foto,0,0.14601935,0.029003993
16144,foto,0,0.18498619,0.09605049
5122,foto,0,0.10719764,0.16714841
1853,foto,1,0.9987986,0.99963164
11474,foto,0,0.95395803,0.93620986
4926,foto,0,0.7993828,0.2346125
9892,foto,0,0.5218918,0.21189305
10537,foto,0,0.123136446,0.10078761
3688,foto,0,0.21846496,0.082438245
14166,foto,0,0.37068218,0.22248305
13642,foto,0,0.03599973,0.020783965
1094,foto,0,0.0014935227,0.001565274
3078,foto,0,0.2124345,0.06371958
13860,foto,0,0.47321242,0.44874015
7950,foto,0,0.031786792,0.042787697
1933,foto,0,0.011830745,0.0016675021
9891,foto,1,0.9945215,0.9910936
8114,foto,0,0.06201994,0.03950681
2045,foto,0,0.000576526,0.00024466187
20406,foto,0,0.20347567,0.10721157
20242,foto,0,0.13501921,0.023061682
21104,foto,1,0.99987197,0.9999894
7491,foto,0,0.07306515,0.00625859
3696,foto,1,0.7465346,0.80405146
6314,foto,0,0.22556165,0.0644898
10196,foto,0,0.94267315,0.81587696
19867,foto,0,0.059869017,0.022361161
6556,foto,1,0.99593025,0.98821926
15438,foto,0,0.0007655655,0.00077166414
9773,foto,0,0.034248892,0.00783252
1054,foto,0,0.051164996,0.017275015
377,foto,0,0.044822533,0.034819517
8844,foto,0,0.013868304,0.001051687
10660,foto,1,0.99888355,0.9987657
8224,foto,0,0.004266729,0.0006877293
3949,foto,1,0.99315953,0.9945945
4866,foto,1,0.91344875,0.31013066
3208,foto,1,0.9150296,0.9349475
1994,foto,0,0.05605388,0.04370301
15421,foto,1,0.98208505,0.9829943
14244,foto,0,0.67344016,0.8105383
12197,foto,1,0.9997733,0.9999958
21809,foto,0,0.9426847,0.84762764
18758,foto,1,0.018639356,0.025199046
15988,foto,0,0.010139223,0.002873655
3669,foto,0,0.30472046,0.04848382
13595,foto,0,0.0014180175,0.00051735825
15898,foto,0,0.45260885,0.22588083
18737,foto,1,0.9963715,0.996298
4336,foto,0,0.95292443,0.8467905
19695,foto,0,0.25135997,0.16600983
9010,foto,0,0.01942592,0.008042665
19226,foto,0,0.23404221,0.019384006
21675,foto,0,0.4307044,0.48808327
19882,foto,0,0.039554007,0.015703635
203,foto,0,0.04146343,0.008120452
